"0.75","2.02","73.10","1207035","1612410","Thu Jun 18 09:31:31 IST 2020"
"0.84","2.02","73.10","1317525","1571304","Thu Jun 18 09:31:56 IST 2020"
"0.84","2.09","73.15","1317525","1571304","Thu Jun 18 09:32:25 IST 2020"
"0.83","2.02","73.10","1407436","1699195","Thu Jun 18 09:32:52 IST 2020"
"0.83","2.09","73.15","1407436","1699195","Thu Jun 18 09:33:20 IST 2020"
"0.93","2.09","73.15","1498851","1613965","Thu Jun 18 09:33:43 IST 2020"
"0.93","2.09","73.15","1498851","1613965","Thu Jun 18 09:34:10 IST 2020"
"0.93","2.09","73.15","1498851","1613965","Thu Jun 18 09:34:33 IST 2020"
"0.94","3.00","73.80","1516912","1613675","Thu Jun 18 09:35:00 IST 2020"
"0.94","3.00","73.80","1516912","1613675","Thu Jun 18 09:35:24 IST 2020"
"1.01","3.00","73.80","1626013","1608730","Thu Jun 18 09:35:43 IST 2020"
"0.95","3.00","73.80","1656190","1739837","Thu Jun 18 09:36:07 IST 2020"
"1.07","3.00","73.80","1802569","1688899","Thu Jun 18 09:36:30 IST 2020"
"1.02","3.00","73.80","1836593","1804717","Thu Jun 18 09:36:49 IST 2020"
"1.02","3.56","74.20","1836593","1804717","Thu Jun 18 09:37:10 IST 2020"
"0.89","3.56","74.20","1740290","1959707","Thu Jun 18 09:37:33 IST 2020"
"0.9","3.56","74.20","1797975","2006024","Thu Jun 18 09:38:03 IST 2020"
"0.82","3.28","74.00","1746934","2128453","Thu Jun 18 09:38:35 IST 2020"
"0.8","3.28","74.00","1769106","2205453","Thu Jun 18 09:38:57 IST 2020"
"0.8","3.28","74.00","1769106","2205453","Thu Jun 18 09:39:17 IST 2020"
"0.85","3.28","74.00","1861211","2200391","Thu Jun 18 09:39:35 IST 2020"
"0.86","3.28","74.00","1888456","2205135","Thu Jun 18 09:39:55 IST 2020"
"0.86","3.28","74.00","1888456","2205135","Thu Jun 18 09:40:18 IST 2020"
"0.88","3.28","74.00","1925531","2200600","Thu Jun 18 09:40:40 IST 2020"
"0.89","3.14","73.90","1956098","2189979","Thu Jun 18 09:41:06 IST 2020"
"0.89","3.14","73.90","1956098","2189979","Thu Jun 18 09:41:23 IST 2020"
"0.91","3.14","73.90","1990363","2187997","Thu Jun 18 09:41:48 IST 2020"
"0.91","3.14","73.90","1990363","2187997","Thu Jun 18 09:42:11 IST 2020"
"0.9","3.14","73.90","1998959","2229069","Thu Jun 18 09:42:29 IST 2020"
"0.89","3.49","74.15","1994058","2248883","Thu Jun 18 09:42:50 IST 2020"
"0.94","3.49","74.15","2065665","2191555","Thu Jun 18 09:43:31 IST 2020"
"0.94","3.49","74.15","2078040","2202445","Thu Jun 18 09:44:02 IST 2020"
"0.95","3.49","74.15","2097422","2214791","Thu Jun 18 09:44:30 IST 2020"
"0.96","3.70","74.30","2113787","2193093","Thu Jun 18 09:44:53 IST 2020"
"0.96","3.70","74.30","2113787","2193093","Thu Jun 18 09:45:14 IST 2020"
"1.09","3.70","74.30","2172257","1999404","Thu Jun 18 09:45:37 IST 2020"
"1.35","3.70","74.30","2301855","1706500","Thu Jun 18 09:45:56 IST 2020"
"1.35","3.70","74.30","2301855","1706500","Thu Jun 18 09:46:14 IST 2020"
"1.21","4.88","75.15","2249664","1865872","Thu Jun 18 09:46:32 IST 2020"
"1.23","4.88","75.15","2296832","1871603","Thu Jun 18 09:46:51 IST 2020"
"1.23","4.88","75.15","2296832","1871603","Thu Jun 18 09:47:18 IST 2020"
"1.04","4.88","75.15","2210493","2132322","Thu Jun 18 09:47:53 IST 2020"
"1.05","4.61","74.95","2248488","2136219","Thu Jun 18 09:48:27 IST 2020"
"1.0","4.61","74.95","2247986","2246970","Thu Jun 18 09:48:53 IST 2020"
"0.97","4.61","74.95","2239140","2316116","Thu Jun 18 09:49:20 IST 2020"
"0.98","4.61","74.95","2286841","2325010","Thu Jun 18 09:49:38 IST 2020"
"0.98","4.61","74.95","2286841","2325010","Thu Jun 18 09:49:58 IST 2020"
"0.98","4.61","74.95","2286841","2325010","Thu Jun 18 09:50:29 IST 2020"
"1.13","4.61","74.95","2446811","2162175","Thu Jun 18 09:50:51 IST 2020"
"1.13","4.40","74.80","2446811","2162175","Thu Jun 18 09:51:10 IST 2020"
"1.13","4.40","74.80","2418052","2133043","Thu Jun 18 09:51:27 IST 2020"
"1.13","4.40","74.80","2418052","2133043","Thu Jun 18 09:51:45 IST 2020"
"1.12","4.40","74.80","2426261","2161032","Thu Jun 18 09:52:04 IST 2020"
"1.02","4.40","74.80","2331045","2290193","Thu Jun 18 09:52:24 IST 2020"
"1.02","4.40","74.80","2331045","2290193","Thu Jun 18 09:52:45 IST 2020"
"0.97","5.02","75.25","2303191","2366402","Thu Jun 18 09:53:18 IST 2020"
"0.95","5.02","75.25","2305950","2423397","Thu Jun 18 09:53:44 IST 2020"
"0.95","5.02","75.25","2305950","2423397","Thu Jun 18 09:54:13 IST 2020"
"0.95","5.02","75.25","2305950","2423397","Thu Jun 18 09:54:30 IST 2020"
"0.91","4.47","74.85","2276766","2510048","Thu Jun 18 09:55:00 IST 2020"
"0.87","4.47","74.85","2237289","2568233","Thu Jun 18 09:55:18 IST 2020"
"0.87","4.47","74.85","2237289","2568233","Thu Jun 18 09:55:38 IST 2020"
"0.91","4.47","74.85","2294001","2533826","Thu Jun 18 09:56:03 IST 2020"
"0.91","4.26","74.70","2294001","2533826","Thu Jun 18 09:56:20 IST 2020"
"0.88","4.26","74.70","2274090","2579148","Thu Jun 18 09:57:07 IST 2020"
"0.93","4.26","74.70","2334806","2512491","Thu Jun 18 09:57:36 IST 2020"
"0.9","4.26","74.70","2313452","2571002","Thu Jun 18 09:57:54 IST 2020"
"0.9","4.26","74.70","2313452","2571002","Thu Jun 18 09:58:14 IST 2020"
"0.87","4.26","74.70","2296620","2629797","Thu Jun 18 09:58:48 IST 2020"
"0.9","4.26","74.70","2339525","2613107","Thu Jun 18 09:59:25 IST 2020"
"0.88","4.26","74.70","2315765","2631485","Thu Jun 18 09:59:47 IST 2020"
"0.88","4.26","74.70","2315765","2631485","Thu Jun 18 10:00:05 IST 2020"
"0.88","4.26","74.70","2315765","2631485","Thu Jun 18 10:00:33 IST 2020"
"0.89","4.40","74.80","2334616","2624907","Thu Jun 18 10:00:57 IST 2020"
"0.88","4.40","74.80","2340615","2650984","Thu Jun 18 10:01:16 IST 2020"
"0.88","4.40","74.80","2340615","2650984","Thu Jun 18 10:01:36 IST 2020"
"0.88","4.40","74.80","2345468","2664414","Thu Jun 18 10:01:57 IST 2020"
"0.88","4.40","74.80","2345468","2664414","Thu Jun 18 10:02:17 IST 2020"
"0.86","4.33","74.75","2325708","2709979","Thu Jun 18 10:02:37 IST 2020"
"0.84","4.33","74.75","2305510","2745662","Thu Jun 18 10:02:54 IST 2020"
"0.84","4.33","74.75","2305510","2745662","Thu Jun 18 10:03:16 IST 2020"
"0.81","4.33","74.75","2223869","2760897","Thu Jun 18 10:03:41 IST 2020"
"0.79","4.33","74.75","2229479","2811935","Thu Jun 18 10:04:02 IST 2020"
"0.79","4.33","74.75","2229479","2811935","Thu Jun 18 10:04:22 IST 2020"
"0.82","4.33","74.75","2298076","2808038","Thu Jun 18 10:04:46 IST 2020"
"0.82","3.91","74.45","2298076","2808038","Thu Jun 18 10:05:09 IST 2020"
"0.81","3.91","74.45","2299671","2827236","Thu Jun 18 10:05:33 IST 2020"
"0.79","3.91","74.45","2264574","2853425","Thu Jun 18 10:06:05 IST 2020"
"0.79","3.91","74.45","2274525","2881804","Thu Jun 18 10:06:49 IST 2020"
"0.79","3.84","74.40","2274525","2881804","Thu Jun 18 10:07:12 IST 2020"
"0.79","3.84","74.40","2278100","2890081","Thu Jun 18 10:07:40 IST 2020"
"0.79","3.84","74.40","2301845","2902400","Thu Jun 18 10:08:02 IST 2020"
"0.78","3.84","74.40","2278542","2908738","Thu Jun 18 10:08:21 IST 2020"
"0.79","3.70","74.30","2284622","2906093","Thu Jun 18 10:08:44 IST 2020"
"0.79","3.70","74.30","2284622","2906093","Thu Jun 18 10:09:03 IST 2020"
"0.81","3.70","74.30","2322991","2877762","Thu Jun 18 10:09:23 IST 2020"
"0.82","3.70","74.30","2346736","2873811","Thu Jun 18 10:09:43 IST 2020"
"0.82","3.70","74.30","2346736","2873811","Thu Jun 18 10:10:03 IST 2020"
"0.82","3.70","74.30","2346736","2873811","Thu Jun 18 10:10:34 IST 2020"
"0.81","3.70","74.30","2361215","2912009","Thu Jun 18 10:10:54 IST 2020"
"0.81","3.77","74.35","2361215","2912009","Thu Jun 18 10:11:12 IST 2020"
"0.85","3.77","74.35","2417118","2851495","Thu Jun 18 10:11:44 IST 2020"
"0.85","3.77","74.35","2417118","2851495","Thu Jun 18 10:12:05 IST 2020"
"0.84","3.77","74.35","2415006","2880878","Thu Jun 18 10:12:34 IST 2020"
"0.82","4.12","74.60","2379155","2912635","Thu Jun 18 10:13:03 IST 2020"
"0.82","4.12","74.60","2402500","2920331","Thu Jun 18 10:13:28 IST 2020"
"0.8","4.12","74.60","2343872","2940849","Thu Jun 18 10:13:58 IST 2020"
"0.8","4.12","74.60","2343872","2940849","Thu Jun 18 10:14:27 IST 2020"
"0.8","3.77","74.35","2358692","2933413","Thu Jun 18 10:14:58 IST 2020"
"0.8","3.77","74.35","2358692","2933413","Thu Jun 18 10:15:23 IST 2020"
"0.81","3.77","74.35","2387551","2933344","Thu Jun 18 10:15:44 IST 2020"
"0.81","3.77","74.35","2387551","2933344","Thu Jun 18 10:16:09 IST 2020"
"0.81","3.77","74.35","2387551","2933344","Thu Jun 18 10:16:27 IST 2020"
"0.82","3.91","74.45","2400131","2925456","Thu Jun 18 10:16:47 IST 2020"
"0.82","3.91","74.45","2400131","2925456","Thu Jun 18 10:17:09 IST 2020"
"0.81","3.91","74.45","2386644","2934474","Thu Jun 18 10:17:26 IST 2020"
"0.82","3.91","74.45","2405848","2933364","Thu Jun 18 10:17:45 IST 2020"
"0.82","3.91","74.45","2405848","2933364","Thu Jun 18 10:18:05 IST 2020"
"0.82","3.98","74.50","2405848","2933364","Thu Jun 18 10:18:29 IST 2020"
"0.84","3.91","74.45","2432564","2904177","Thu Jun 18 10:18:48 IST 2020"
"0.84","3.98","74.50","2432564","2904177","Thu Jun 18 10:19:11 IST 2020"
"0.86","3.98","74.50","2464931","2875815","Thu Jun 18 10:19:33 IST 2020"
"0.86","3.98","74.50","2487293","2876352","Thu Jun 18 10:19:55 IST 2020"
"0.86","3.98","74.50","2487293","2876352","Thu Jun 18 10:20:17 IST 2020"
"0.86","4.12","74.60","2494704","2906262","Thu Jun 18 10:20:37 IST 2020"
"0.85","4.12","74.60","2481019","2930728","Thu Jun 18 10:21:08 IST 2020"
"0.86","4.12","74.60","2497598","2909260","Thu Jun 18 10:21:36 IST 2020"
"0.86","4.12","74.60","2497535","2920960","Thu Jun 18 10:22:00 IST 2020"
"0.86","4.12","74.60","2497535","2920960","Thu Jun 18 10:22:25 IST 2020"
"0.86","4.12","74.60","2509957","2905293","Thu Jun 18 10:22:54 IST 2020"
"0.86","4.12","74.60","2509957","2905293","Thu Jun 18 10:23:14 IST 2020"
"0.83","4.05","74.55","2451674","2951851","Thu Jun 18 10:23:43 IST 2020"
"0.83","4.05","74.55","2451674","2951851","Thu Jun 18 10:24:24 IST 2020"
"0.82","3.84","74.40","2441423","2980282","Thu Jun 18 10:25:13 IST 2020"
"0.82","3.84","74.40","2446091","2987794","Thu Jun 18 10:25:52 IST 2020"
"0.82","3.84","74.40","2462466","2989374","Thu Jun 18 10:26:28 IST 2020"
"0.82","3.84","74.40","2468435","2999638","Thu Jun 18 10:27:05 IST 2020"
"0.82","3.84","74.40","2461786","2999505","Thu Jun 18 10:27:27 IST 2020"
"0.82","3.84","74.40","2452677","2999442","Thu Jun 18 10:27:52 IST 2020"
"0.82","3.84","74.40","2452677","2999442","Thu Jun 18 10:28:15 IST 2020"
"0.81","3.84","74.40","2441155","3014696","Thu Jun 18 10:28:45 IST 2020"
"0.78","3.84","74.40","2381238","3040843","Thu Jun 18 10:29:20 IST 2020"
"0.8","3.84","74.40","2390570","2995557","Thu Jun 18 10:29:42 IST 2020"
"0.8","3.84","74.40","2390570","2995557","Thu Jun 18 10:30:05 IST 2020"
"0.8","3.77","74.35","2403630","3011533","Thu Jun 18 10:30:30 IST 2020"
"0.8","3.77","74.35","2405825","3022664","Thu Jun 18 10:30:56 IST 2020"
"0.8","3.77","74.35","2405825","3022664","Thu Jun 18 10:31:21 IST 2020"
"0.82","3.77","74.35","2423036","2971488","Thu Jun 18 10:31:42 IST 2020"
"0.82","3.77","74.35","2434020","2963734","Thu Jun 18 10:32:02 IST 2020"
"0.82","3.77","74.35","2434020","2963734","Thu Jun 18 10:32:23 IST 2020"
"0.82","3.91","74.45","2435878","2977770","Thu Jun 18 10:32:51 IST 2020"
"0.9","3.91","74.45","2527047","2800489","Thu Jun 18 10:33:14 IST 2020"
"0.93","3.91","74.45","2579669","2781211","Thu Jun 18 10:33:46 IST 2020"
"0.97","3.91","74.45","2639910","2722137","Thu Jun 18 10:34:20 IST 2020"
"0.97","4.61","74.95","2657885","2734477","Thu Jun 18 10:35:00 IST 2020"
"0.95","4.61","74.95","2629557","2773923","Thu Jun 18 10:35:37 IST 2020"
"0.96","4.61","74.95","2660090","2766168","Thu Jun 18 10:36:10 IST 2020"
"1.05","4.68","75.00","2744540","2621955","Thu Jun 18 10:36:47 IST 2020"
"1.17","4.68","75.00","2781605","2383389","Thu Jun 18 10:37:22 IST 2020"
"1.2","4.68","75.00","2783727","2320991","Thu Jun 18 10:37:51 IST 2020"
"1.1","4.68","75.00","2780389","2539067","Thu Jun 18 10:38:24 IST 2020"
"1.06","4.68","75.00","2766789","2598368","Thu Jun 18 10:38:53 IST 2020"
"1.18","5.30","75.45","2828256","2393307","Thu Jun 18 10:39:21 IST 2020"
"1.13","5.30","75.45","2783163","2452929","Thu Jun 18 10:39:53 IST 2020"
"1.13","5.30","75.45","2783163","2452929","Thu Jun 18 10:40:19 IST 2020"
"1.05","5.37","75.50","2781067","2650879","Thu Jun 18 10:40:47 IST 2020"
"0.99","5.37","75.50","2712777","2737297","Thu Jun 18 10:41:21 IST 2020"
"0.99","5.37","75.50","2712777","2737297","Thu Jun 18 10:41:47 IST 2020"
"0.99","5.37","75.50","2735860","2749926","Thu Jun 18 10:42:06 IST 2020"
"0.99","5.37","75.50","2735860","2749926","Thu Jun 18 10:42:30 IST 2020"
"1.0","4.88","75.15","2734947","2746248","Thu Jun 18 10:42:58 IST 2020"
"1.0","4.88","75.15","2734947","2746248","Thu Jun 18 10:43:26 IST 2020"
"0.97","4.88","75.15","2724451","2795396","Thu Jun 18 10:43:47 IST 2020"
"0.97","4.88","75.15","2724451","2795396","Thu Jun 18 10:44:13 IST 2020"
"0.97","4.88","75.15","2736897","2815159","Thu Jun 18 10:44:35 IST 2020"
"0.93","4.75","75.05","2647348","2854943","Thu Jun 18 10:45:02 IST 2020"
"0.93","4.75","75.05","2647348","2854943","Thu Jun 18 10:45:28 IST 2020"
"0.91","4.75","75.05","2646888","2899362","Thu Jun 18 10:45:54 IST 2020"
"0.91","4.75","75.05","2646888","2899362","Thu Jun 18 10:46:18 IST 2020"
"0.93","4.61","74.95","2687306","2875263","Thu Jun 18 10:46:43 IST 2020"
"0.93","4.61","74.95","2691525","2896503","Thu Jun 18 10:47:14 IST 2020"
"0.93","4.61","74.95","2705184","2894164","Thu Jun 18 10:47:36 IST 2020"
"0.9","4.61","74.95","2653533","2942772","Thu Jun 18 10:48:06 IST 2020"
"0.92","4.47","74.85","2675398","2901204","Thu Jun 18 10:48:35 IST 2020"
"0.95","4.47","74.85","2691922","2821287","Thu Jun 18 10:49:02 IST 2020"
"0.97","4.47","74.85","2730508","2827620","Thu Jun 18 10:49:46 IST 2020"
"0.97","4.75","75.05","2753054","2841150","Thu Jun 18 10:50:20 IST 2020"
"0.91","4.75","75.05","2652968","2922428","Thu Jun 18 10:50:54 IST 2020"
"0.91","4.75","75.05","2652968","2922428","Thu Jun 18 10:51:17 IST 2020"
"0.91","4.75","75.05","2653441","2928570","Thu Jun 18 10:51:41 IST 2020"
"0.91","4.75","75.05","2653441","2928570","Thu Jun 18 10:52:07 IST 2020"
"0.9","4.75","75.05","2651273","2937403","Thu Jun 18 10:52:37 IST 2020"
"0.91","4.47","74.85","2660882","2930769","Thu Jun 18 10:53:11 IST 2020"
"0.92","4.47","74.85","2686931","2927009","Thu Jun 18 10:53:54 IST 2020"
"0.92","4.47","74.85","2686931","2927009","Thu Jun 18 10:54:13 IST 2020"
"0.94","4.54","74.90","2767167","2943537","Thu Jun 18 10:54:36 IST 2020"
"0.95","4.47","74.85","2782055","2942338","Thu Jun 18 10:54:59 IST 2020"
"0.95","4.54","74.90","2805876","2939620","Thu Jun 18 10:55:27 IST 2020"
"0.95","4.54","74.90","2800820","2945840","Thu Jun 18 10:55:47 IST 2020"
"0.95","4.54","74.90","2800820","2945840","Thu Jun 18 10:56:09 IST 2020"
"0.96","4.61","74.95","2805968","2932377","Thu Jun 18 10:56:29 IST 2020"
"0.97","4.61","74.95","2842735","2928146","Thu Jun 18 10:56:50 IST 2020"
"0.98","4.61","74.95","2851449","2900679","Thu Jun 18 10:57:42 IST 2020"
"0.96","4.61","74.95","2812582","2918494","Thu Jun 18 10:58:05 IST 2020"
"0.96","4.61","74.95","2812582","2918494","Thu Jun 18 10:58:29 IST 2020"
"0.97","4.61","74.95","2833615","2922310","Thu Jun 18 10:58:57 IST 2020"
"0.97","4.68","75.00","2833615","2922310","Thu Jun 18 10:59:22 IST 2020"
"0.95","4.68","75.00","2808801","2946661","Thu Jun 18 10:59:48 IST 2020"
"0.94","4.68","75.00","2777311","2954214","Thu Jun 18 11:00:18 IST 2020"
"0.93","4.68","75.00","2756347","2966261","Thu Jun 18 11:00:46 IST 2020"
"0.92","4.61","74.95","2755275","2978708","Thu Jun 18 11:01:14 IST 2020"
"0.93","4.61","74.95","2773242","2984437","Thu Jun 18 11:01:44 IST 2020"
"0.93","4.61","74.95","2784573","2991723","Thu Jun 18 11:02:23 IST 2020"
"0.93","4.47","74.85","2790954","2988372","Thu Jun 18 11:02:46 IST 2020"
"0.93","4.47","74.85","2790954","2988372","Thu Jun 18 11:03:04 IST 2020"
"0.95","4.47","74.85","2820019","2963007","Thu Jun 18 11:03:46 IST 2020"
"0.95","4.47","74.85","2818562","2956013","Thu Jun 18 11:04:18 IST 2020"
"0.95","4.61","74.95","2825575","2965494","Thu Jun 18 11:04:39 IST 2020"
"0.97","4.61","74.95","2856544","2942272","Thu Jun 18 11:05:01 IST 2020"
"0.96","4.61","74.95","2851882","2960574","Thu Jun 18 11:05:24 IST 2020"
"0.96","4.61","74.95","2861074","2973880","Thu Jun 18 11:06:04 IST 2020"
"0.94","4.61","74.95","2832748","2999377","Thu Jun 18 11:06:41 IST 2020"
"0.94","4.75","75.05","2832286","3004160","Thu Jun 18 11:07:26 IST 2020"
"0.94","4.75","75.05","2832085","3009966","Thu Jun 18 11:08:20 IST 2020"
"0.99","4.61","74.95","2880295","2913263","Thu Jun 18 11:09:15 IST 2020"
"0.98","4.61","74.95","2877621","2921987","Thu Jun 18 11:10:00 IST 2020"
"0.97","4.88","75.15","2861564","2938211","Thu Jun 18 11:10:44 IST 2020"
"0.97","4.88","75.15","2876956","2962649","Thu Jun 18 11:11:23 IST 2020"
"0.97","4.88","75.15","2878091","2970663","Thu Jun 18 11:12:06 IST 2020"
"0.96","4.88","75.15","2871254","2987865","Thu Jun 18 11:12:55 IST 2020"
"0.94","4.88","75.15","2855935","3027937","Thu Jun 18 11:13:51 IST 2020"
"0.94","4.68","75.00","2853159","3025457","Thu Jun 18 11:14:34 IST 2020"
"0.94","4.68","75.00","2854653","3022537","Thu Jun 18 11:15:04 IST 2020"
"0.95","4.68","75.00","2854386","3011950","Thu Jun 18 11:15:33 IST 2020"
"0.94","4.68","75.00","2840336","3011464","Thu Jun 18 11:16:11 IST 2020"
"0.94","4.82","75.10","2845814","3013953","Thu Jun 18 11:17:00 IST 2020"
"0.96","4.82","75.10","2859458","2992969","Thu Jun 18 11:17:42 IST 2020"
"0.96","4.82","75.10","2859458","2992969","Thu Jun 18 11:18:10 IST 2020"
"0.96","4.82","75.10","2859458","2992969","Thu Jun 18 11:18:37 IST 2020"
"0.95","4.88","75.15","2856540","3013270","Thu Jun 18 11:19:27 IST 2020"
"0.92","4.88","75.15","2802723","3043220","Thu Jun 18 11:20:04 IST 2020"
"0.88","4.88","75.15","2719411","3083228","Thu Jun 18 11:20:48 IST 2020"
"0.88","4.68","75.00","2719411","3083228","Thu Jun 18 11:21:44 IST 2020"
"0.91","4.68","75.00","2765278","3045660","Thu Jun 18 11:22:25 IST 2020"
"0.91","4.68","75.00","2762929","3037637","Thu Jun 18 11:22:59 IST 2020"
"0.91","4.68","75.00","2764007","3034600","Thu Jun 18 11:23:37 IST 2020"
"0.91","4.68","75.00","2772093","3043214","Thu Jun 18 11:23:58 IST 2020"
"0.91","4.68","75.00","2772093","3043214","Thu Jun 18 11:24:33 IST 2020"
"0.92","4.75","75.05","2782354","3023897","Thu Jun 18 11:25:00 IST 2020"
"0.92","4.75","75.05","2782354","3023897","Thu Jun 18 11:25:22 IST 2020"
"0.91","4.75","75.05","2780532","3042666","Thu Jun 18 11:25:53 IST 2020"
"0.92","4.75","75.05","2790031","3042052","Thu Jun 18 11:26:24 IST 2020"
"0.91","4.82","75.10","2786048","3057424","Thu Jun 18 11:26:49 IST 2020"
"0.91","4.82","75.10","2786048","3057424","Thu Jun 18 11:27:10 IST 2020"
"0.91","4.82","75.10","2781515","3045075","Thu Jun 18 11:27:31 IST 2020"
"0.91","4.82","75.10","2778245","3050575","Thu Jun 18 11:27:54 IST 2020"
"0.91","4.82","75.10","2778245","3050575","Thu Jun 18 11:28:13 IST 2020"
"0.91","4.68","75.00","2783397","3056173","Thu Jun 18 11:28:35 IST 2020"
"0.91","4.68","75.00","2789499","3055719","Thu Jun 18 11:29:06 IST 2020"
"0.91","4.68","75.00","2789904","3060445","Thu Jun 18 11:29:36 IST 2020"
"0.92","4.68","75.00","2798738","3057864","Thu Jun 18 11:30:03 IST 2020"
"0.92","4.75","75.05","2798738","3057864","Thu Jun 18 11:30:35 IST 2020"
"0.91","4.75","75.05","2791352","3080295","Thu Jun 18 11:31:00 IST 2020"
"0.91","4.75","75.05","2794889","3080189","Thu Jun 18 11:31:22 IST 2020"
"0.91","4.75","75.05","2797344","3068641","Thu Jun 18 11:31:39 IST 2020"
"0.91","4.75","75.05","2797344","3068641","Thu Jun 18 11:31:59 IST 2020"
"0.91","4.75","75.05","2797344","3068641","Thu Jun 18 11:32:22 IST 2020"
"0.91","4.75","75.05","2787984","3079808","Thu Jun 18 11:32:49 IST 2020"
"0.9","4.75","75.05","2788144","3088914","Thu Jun 18 11:33:16 IST 2020"
"0.91","4.75","75.05","2800769","3090609","Thu Jun 18 11:33:44 IST 2020"
"0.9","4.75","75.05","2778273","3087512","Thu Jun 18 11:34:12 IST 2020"
"0.88","4.75","75.05","2749791","3107345","Thu Jun 18 11:34:38 IST 2020"
"0.89","4.75","75.05","2749832","3106268","Thu Jun 18 11:35:13 IST 2020"
"0.88","4.75","75.05","2753572","3115707","Thu Jun 18 11:35:48 IST 2020"
"0.88","4.75","75.05","2756163","3116134","Thu Jun 18 11:36:18 IST 2020"
"0.89","4.75","75.05","2771315","3116766","Thu Jun 18 11:36:49 IST 2020"
"1.09","4.61","74.95","2874594","2636332","Thu Jun 18 11:37:46 IST 2020"
"1.12","4.61","74.95","2896817","2592522","Thu Jun 18 11:38:38 IST 2020"
"1.09","5.72","75.75","2884716","2642160","Thu Jun 18 11:39:05 IST 2020"
"1.12","5.72","75.75","2918005","2611890","Thu Jun 18 11:39:22 IST 2020"
"1.12","5.72","75.75","2918005","2611890","Thu Jun 18 11:39:43 IST 2020"
"1.11","5.72","75.75","2929150","2634660","Thu Jun 18 11:40:10 IST 2020"
"1.33","5.58","75.65","3028562","2283610","Thu Jun 18 11:41:16 IST 2020"
"1.18","5.58","75.65","2951227","2498429","Thu Jun 18 11:42:07 IST 2020"
"1.17","6.00","75.95","2958603","2538210","Thu Jun 18 11:42:49 IST 2020"
"1.13","6.00","75.95","2933745","2585118","Thu Jun 18 11:43:21 IST 2020"
"1.2","6.00","75.95","2982008","2489085","Thu Jun 18 11:44:08 IST 2020"
"1.2","6.07","76.00","2984712","2489266","Thu Jun 18 11:44:44 IST 2020"
"1.2","6.07","76.00","2987083","2492034","Thu Jun 18 11:45:19 IST 2020"
"1.23","6.07","76.00","3033703","2463193","Thu Jun 18 11:45:53 IST 2020"
"1.23","6.07","76.00","3033703","2463193","Thu Jun 18 11:46:28 IST 2020"
"1.31","6.14","76.05","3079908","2356075","Thu Jun 18 11:47:00 IST 2020"
"1.22","6.14","76.05","2985999","2453524","Thu Jun 18 11:47:28 IST 2020"
"1.22","6.14","76.05","2985999","2453524","Thu Jun 18 11:47:56 IST 2020"
"1.21","6.14","76.05","2998166","2479304","Thu Jun 18 11:48:32 IST 2020"
"1.21","6.14","76.05","3006351","2476600","Thu Jun 18 11:49:10 IST 2020"
"1.18","6.14","76.05","2994227","2530556","Thu Jun 18 11:49:49 IST 2020"
"1.1","6.14","76.05","2896333","2624515","Thu Jun 18 11:50:25 IST 2020"
"1.11","5.79","75.80","2910894","2617408","Thu Jun 18 11:51:03 IST 2020"
"1.11","5.79","75.80","2915464","2623482","Thu Jun 18 11:51:36 IST 2020"
"1.09","5.79","75.80","2905874","2657469","Thu Jun 18 11:52:05 IST 2020"
"1.08","5.79","75.80","2903824","2681509","Thu Jun 18 11:52:41 IST 2020"
"1.09","5.93","75.90","2908450","2672933","Thu Jun 18 11:53:18 IST 2020"
"1.09","5.93","75.90","2908450","2672933","Thu Jun 18 11:53:56 IST 2020"
"1.09","5.86","75.85","2912301","2668710","Thu Jun 18 11:54:36 IST 2020"
"1.09","5.86","75.85","2909753","2674425","Thu Jun 18 11:55:15 IST 2020"
"1.1","5.86","75.85","2925548","2667112","Thu Jun 18 11:55:46 IST 2020"
"1.09","5.86","75.85","2920470","2673144","Thu Jun 18 11:56:15 IST 2020"
"1.11","5.86","75.85","2941778","2651004","Thu Jun 18 11:56:39 IST 2020"
"1.12","5.86","75.85","2943018","2637424","Thu Jun 18 11:57:03 IST 2020"
"1.13","5.86","75.85","2938120","2601158","Thu Jun 18 11:57:25 IST 2020"
"1.13","5.86","75.85","2938120","2601158","Thu Jun 18 11:57:46 IST 2020"
"1.15","5.86","75.85","2983847","2590701","Thu Jun 18 11:58:12 IST 2020"
"1.18","6.14","76.05","2999328","2549653","Thu Jun 18 11:59:01 IST 2020"
"1.18","6.14","76.05","2993057","2529172","Thu Jun 18 11:59:39 IST 2020"
"1.15","6.14","76.05","2970409","2588696","Thu Jun 18 12:00:15 IST 2020"
"1.16","6.14","76.05","2975248","2570432","Thu Jun 18 12:00:51 IST 2020"
"1.13","6.07","76.00","2937431","2610039","Thu Jun 18 12:01:28 IST 2020"
"1.13","6.07","76.00","2937431","2610039","Thu Jun 18 12:01:51 IST 2020"
"1.13","6.07","76.00","2956860","2625495","Thu Jun 18 12:02:16 IST 2020"
"1.09","6.14","76.05","2938754","2684948","Thu Jun 18 12:03:00 IST 2020"
"1.09","6.14","76.05","2933648","2694195","Thu Jun 18 12:03:37 IST 2020"
"1.09","6.14","76.05","2942012","2687268","Thu Jun 18 12:04:15 IST 2020"
"1.08","6.00","75.95","2936342","2706460","Thu Jun 18 12:04:55 IST 2020"
"1.09","6.00","75.95","2942346","2701743","Thu Jun 18 12:05:31 IST 2020"
"1.06","6.00","75.95","2900144","2740583","Thu Jun 18 12:06:06 IST 2020"
"1.04","5.93","75.90","2867509","2763030","Thu Jun 18 12:06:45 IST 2020"
"1.02","5.93","75.90","2852183","2793028","Thu Jun 18 12:07:19 IST 2020"
"1.02","5.93","75.90","2852183","2793028","Thu Jun 18 12:07:59 IST 2020"
"0.79","5.93","75.90","2252761","2838140","Thu Jun 18 12:08:32 IST 2020"
"0.79","5.51","75.60","2252761","2838140","Thu Jun 18 12:09:05 IST 2020"
"0.86","5.51","75.60","2302230","2675501","Thu Jun 18 12:09:39 IST 2020"
"0.87","5.51","75.60","2319258","2655020","Thu Jun 18 12:10:13 IST 2020"
"0.86","5.51","75.60","2326341","2698004","Thu Jun 18 12:11:00 IST 2020"
"0.85","5.51","75.60","2322879","2735127","Thu Jun 18 12:11:37 IST 2020"
"0.87","5.51","75.60","2340604","2692517","Thu Jun 18 12:12:20 IST 2020"
"0.88","5.51","75.60","2350793","2671669","Thu Jun 18 12:12:54 IST 2020"
"0.89","5.58","75.65","2363933","2642718","Thu Jun 18 12:13:24 IST 2020"
"0.91","5.58","75.65","2378890","2623591","Thu Jun 18 12:14:01 IST 2020"
"0.91","5.58","75.65","2383721","2628922","Thu Jun 18 12:14:36 IST 2020"
"0.91","5.86","75.85","2390125","2628628","Thu Jun 18 12:15:05 IST 2020"
"0.91","5.86","75.85","2389831","2633054","Thu Jun 18 12:15:34 IST 2020"
"0.9","5.86","75.85","2387419","2639598","Thu Jun 18 12:16:12 IST 2020"
"0.93","5.93","75.90","2423188","2606121","Thu Jun 18 12:16:52 IST 2020"
"0.93","5.93","75.90","2418329","2594663","Thu Jun 18 12:17:23 IST 2020"
"0.94","5.93","75.90","2414571","2580580","Thu Jun 18 12:17:54 IST 2020"
"0.91","5.93","75.90","2414605","2647142","Thu Jun 18 12:18:30 IST 2020"
"0.91","6.07","76.00","2408420","2650681","Thu Jun 18 12:19:20 IST 2020"
"0.94","6.07","76.00","2431847","2596753","Thu Jun 18 12:20:05 IST 2020"
"0.92","6.00","75.95","2438812","2650921","Thu Jun 18 12:20:45 IST 2020"
"0.92","6.00","75.95","2432541","2637472","Thu Jun 18 12:21:30 IST 2020"
"0.96","6.00","75.95","2466024","2576647","Thu Jun 18 12:22:30 IST 2020"
"0.92","6.00","75.95","2429980","2635202","Thu Jun 18 12:23:10 IST 2020"
"0.91","6.00","75.95","2428230","2672197","Thu Jun 18 12:23:49 IST 2020"
"0.92","6.00","75.95","2443042","2658189","Thu Jun 18 12:24:45 IST 2020"
"0.93","5.86","75.85","2445124","2638891","Thu Jun 18 12:25:35 IST 2020"
"0.92","5.86","75.85","2442083","2648236","Thu Jun 18 12:26:33 IST 2020"
"0.92","5.93","75.90","2451046","2673369","Thu Jun 18 12:27:27 IST 2020"
"0.92","5.93","75.90","2450909","2671767","Thu Jun 18 12:28:15 IST 2020"
"0.93","5.86","75.85","2447869","2639623","Thu Jun 18 12:29:00 IST 2020"
"0.93","5.86","75.85","2457916","2632353","Thu Jun 18 12:30:08 IST 2020"
"0.94","6.07","76.00","2472279","2632982","Thu Jun 18 12:30:57 IST 2020"
"0.94","6.07","76.00","2476829","2630905","Thu Jun 18 12:31:45 IST 2020"
"0.94","6.07","76.00","2482819","2642019","Thu Jun 18 12:32:32 IST 2020"
"0.9","6.00","75.95","2453043","2711662","Thu Jun 18 12:33:24 IST 2020"
"0.89","6.00","75.95","2443748","2750259","Thu Jun 18 12:34:06 IST 2020"
"0.9","5.65","75.70","2455451","2739628","Thu Jun 18 12:34:49 IST 2020"
"0.9","5.65","75.70","2455451","2739628","Thu Jun 18 12:35:32 IST 2020"
"0.89","5.65","75.70","2446187","2750140","Thu Jun 18 12:36:05 IST 2020"
"0.87","5.65","75.70","2434075","2787606","Thu Jun 18 12:36:33 IST 2020"
"0.95","5.65","75.70","2660149","2793011","Thu Jun 18 12:37:06 IST 2020"
"0.96","5.65","75.70","2666784","2774615","Thu Jun 18 12:37:48 IST 2020"
"0.97","5.65","75.70","2696285","2765946","Thu Jun 18 12:38:29 IST 2020"
"0.97","5.65","75.70","2699115","2770090","Thu Jun 18 12:39:05 IST 2020"
"0.97","5.65","75.70","2707271","2777742","Thu Jun 18 12:39:42 IST 2020"
"0.97","5.65","75.70","2706369","2777858","Thu Jun 18 12:40:17 IST 2020"
"0.98","5.65","75.70","2704991","2759071","Thu Jun 18 12:41:04 IST 2020"
"0.98","5.58","75.65","2709242","2755873","Thu Jun 18 12:41:39 IST 2020"
"0.98","5.58","75.65","2706722","2760017","Thu Jun 18 12:42:14 IST 2020"
"0.99","5.58","75.65","2712983","2750795","Thu Jun 18 12:42:49 IST 2020"
"0.98","5.51","75.60","2721759","2771401","Thu Jun 18 12:43:30 IST 2020"
"0.98","5.51","75.60","2725848","2770858","Thu Jun 18 12:44:10 IST 2020"
"0.99","5.51","75.60","2732724","2757257","Thu Jun 18 12:44:44 IST 2020"
"0.99","5.51","75.60","2718354","2755147","Thu Jun 18 12:45:20 IST 2020"
"0.98","5.51","75.60","2724931","2768534","Thu Jun 18 12:46:00 IST 2020"
"0.99","5.51","75.60","2723566","2757345","Thu Jun 18 12:46:39 IST 2020"
"0.99","5.58","75.65","2723111","2764097","Thu Jun 18 12:47:12 IST 2020"
"0.97","5.58","75.65","2700093","2780157","Thu Jun 18 12:47:54 IST 2020"
"0.97","5.44","75.55","2701224","2789455","Thu Jun 18 12:48:35 IST 2020"
"0.98","5.44","75.55","2713690","2776591","Thu Jun 18 12:49:26 IST 2020"
"1.01","5.44","75.55","2723566","2705683","Thu Jun 18 12:50:47 IST 2020"
"1.0","5.44","75.55","2715755","2717300","Thu Jun 18 12:51:35 IST 2020"
"1.01","5.44","75.55","2736233","2719049","Thu Jun 18 12:52:13 IST 2020"
"1.01","5.44","75.55","2756621","2720594","Thu Jun 18 12:52:49 IST 2020"
"1.0","5.58","75.65","2731807","2730898","Thu Jun 18 12:53:21 IST 2020"
"1.0","5.58","75.65","2732502","2733750","Thu Jun 18 12:53:59 IST 2020"
"1.0","5.58","75.65","2733116","2730507","Thu Jun 18 12:54:35 IST 2020"
"1.0","5.51","75.60","2728282","2734889","Thu Jun 18 12:55:21 IST 2020"
"0.99","5.51","75.60","2726982","2744764","Thu Jun 18 12:56:14 IST 2020"
"0.99","5.51","75.60","2725929","2743492","Thu Jun 18 12:57:12 IST 2020"
"1.0","5.51","75.60","2727277","2721862","Thu Jun 18 12:57:55 IST 2020"
"1.0","5.51","75.60","2731463","2733759","Thu Jun 18 12:58:29 IST 2020"
"1.0","5.65","75.70","2733841","2722871","Thu Jun 18 12:59:19 IST 2020"
"0.91","5.65","75.70","2491516","2728914","Thu Jun 18 13:00:10 IST 2020"
"0.91","5.72","75.75","2491883","2728017","Thu Jun 18 13:00:49 IST 2020"
"0.91","5.72","75.75","2483550","2733920","Thu Jun 18 13:01:49 IST 2020"
"0.98","5.72","75.75","2678416","2743213","Thu Jun 18 13:02:57 IST 2020"
"0.97","5.72","75.75","2685877","2763996","Thu Jun 18 13:04:05 IST 2020"
"0.97","5.51","75.60","2689875","2763992","Thu Jun 18 13:05:09 IST 2020"
"0.98","5.51","75.60","2705653","2765793","Thu Jun 18 13:05:58 IST 2020"
"0.98","5.51","75.60","2705915","2762340","Thu Jun 18 13:07:07 IST 2020"
"0.97","5.51","75.60","2679567","2765104","Thu Jun 18 13:08:03 IST 2020"
"0.97","5.51","75.60","2687762","2766908","Thu Jun 18 13:09:02 IST 2020"
"0.99","5.51","75.60","2704795","2744748","Thu Jun 18 13:10:08 IST 2020"
"0.99","5.58","75.65","2709941","2740904","Thu Jun 18 13:11:06 IST 2020"
"0.99","5.58","75.65","2709426","2741083","Thu Jun 18 13:11:59 IST 2020"
"0.99","5.58","75.65","2715865","2753033","Thu Jun 18 13:12:24 IST 2020"
"0.99","5.51","75.60","2715865","2753033","Thu Jun 18 13:12:54 IST 2020"
"0.99","5.51","75.60","2727853","2755770","Thu Jun 18 13:13:28 IST 2020"
"0.99","5.51","75.60","2727853","2755770","Thu Jun 18 13:14:01 IST 2020"
"0.99","5.44","75.55","2734554","2773646","Thu Jun 18 13:14:33 IST 2020"
"0.98","5.44","75.55","2735919","2788116","Thu Jun 18 13:15:02 IST 2020"
"0.98","5.44","75.55","2738612","2783605","Thu Jun 18 13:15:30 IST 2020"
"0.98","5.44","75.55","2741839","2785212","Thu Jun 18 13:15:58 IST 2020"
"0.98","5.44","75.55","2741839","2785212","Thu Jun 18 13:16:28 IST 2020"
"0.99","5.44","75.55","2743291","2757957","Thu Jun 18 13:16:56 IST 2020"
"0.99","5.51","75.60","2743193","2769248","Thu Jun 18 13:17:26 IST 2020"
"0.99","5.51","75.60","2746901","2761711","Thu Jun 18 13:18:16 IST 2020"
