"0.23","-0.61","81.48","77.5","77.05","0.26","0.2","0.9","302798","1176514","252500","1262750","3125.0","3150","2020-07-30","Thu Jul 16 11:02:28 IST 2020"
"0.22","-0.88","81.48","77.5","77.05","0.26","0.19","0.9","304030","1183405","242750","1269500","3130.0","3150","2020-07-30","Thu Jul 16 11:03:33 IST 2020"
"0.22","-0.93","80.25","76.41","77.05","0.25","0.19","0.9","289653","1181474","247750","1271750","3115.0","3100","2020-07-30","Thu Jul 16 11:07:09 IST 2020"
"0.23","-0.88","80.25","77.09","77.05","0.26","0.2","0.9","314176","1186178","258000","1274500","3123.25","3100","2020-07-30","Thu Jul 16 11:10:09 IST 2020"
"0.24","-0.18","80.25","77.04","77.05","0.28","0.21","0.9","322225","1139539","258250","1244000","3143.95","3150","2020-07-30","Thu Jul 16 11:16:36 IST 2020"
"0.25","-0.7","81.48","77.64","77.05","0.29","0.21","0.9","330912","1137353","267750","1263250","3122.1","3150","2020-07-30","Thu Jul 16 11:19:05 IST 2020"
"0.25","0.17","79.84","76.2","77.05","0.29","0.22","0.9","321744","1118812","272000","1245000","3158.0","3150","2020-07-30","Thu Jul 16 11:24:13 IST 2020"
"0.25","0.26","79.01","74.37","77.05","0.29","0.22","0.9","330474","1129756","269250","1241750","3153.0","3150","2020-07-30","Thu Jul 16 11:27:15 IST 2020"
"0.26","0.21","79.42","75.84","77.05","0.3","0.22","0.89","333293","1122004","272500","1251000","3152.0","3150","2020-07-30","Thu Jul 16 11:30:49 IST 2020"
"0.26","0.42","79.42","75.84","77.05","0.3","0.22","0.89","337076","1131531","278750","1254750","3156.0","3150","2020-07-30","Thu Jul 16 11:32:31 IST 2020"
"0.26","0.51","79.01","75.24","77.05","0.3","0.23","0.89","339982","1126262","281250","1247000","3168.1","3150","2020-07-30","Thu Jul 16 11:35:41 IST 2020"
"0.26","0.45","79.42","75.75","77.05","0.29","0.23","0.89","344759","1190777","282250","1252250","3162.35","3150","2020-07-30","Thu Jul 16 11:38:08 IST 2020"
"0.25","0.39","79.01","75.21","77.05","0.28","0.22","0.9","346548","1223087","276750","1262250","3158.15","3150","2020-07-30","Thu Jul 16 11:41:23 IST 2020"
"0.26","0.59","80.25","76.6","77.05","0.29","0.23","0.89","346901","1214042","284500","1260000","3165.4","3150","2020-07-30","Thu Jul 16 11:47:27 IST 2020"
"0.26","0.48","79.42","75.73","77.05","0.29","0.22","0.89","359190","1220191","278000","1273750","3162.5","3150","2020-07-30","Thu Jul 16 11:49:16 IST 2020"
"0.24","0.15","79.42","75.73","77.05","0.28","0.21","0.89","345789","1228703","266250","1286000","3160.8","3150","2020-07-30","Thu Jul 16 11:51:08 IST 2020"
"0.25","0.28","79.01","75.48","77.05","0.29","0.21","0.89","353322","1237834","273500","1282500","3156.45","3150","2020-07-30","Thu Jul 16 11:53:08 IST 2020"
"0.25","0.39","79.01","75.41","77.05","0.29","0.22","0.89","359197","1235270","277500","1277750","3159.1","3150","2020-07-30","Thu Jul 16 11:54:20 IST 2020"
"0.25","0.36","79.01","75.41","77.05","0.29","0.22","0.89","358798","1235216","275000","1278000","3159.1","3150","2020-07-30","Thu Jul 16 11:56:31 IST 2020"
"0.24","0.98","79.01","74.56","77.05","0.3","0.19","0.9","382624","1259285","318750","1642250","3176.9","3200","2020-07-30","Thu Jul 16 13:53:27 IST 2020"
"0.24","1","79.01","75.03","77.05","0.3","0.2","0.9","382546","1259760","320250","1639750","3176.9","3200","2020-07-30","Thu Jul 16 13:54:11 IST 2020"
"0.24","0.95","79.01","75.03","77.05","0.3","0.2","0.9","382122","1263063","320000","1638500","3180.2","3200","2020-07-30","Thu Jul 16 13:55:11 IST 2020"
"0.24","0.95","79.01","75.03","77.05","0.3","0.2","0.9","385139","1264193","322000","1644250","3183.75","3200","2020-07-30","Thu Jul 16 13:57:15 IST 2020"
"0.24","0.93","79.01","74.31","77.05","0.3","0.19","0.91","379990","1264626","315500","1655250","3178.0","3200","2020-07-30","Thu Jul 16 13:59:50 IST 2020"
"0.25","1.25","79.01","74.56","77.05","0.31","0.2","0.91","386454","1256844","323500","1637750","3175.0","3200","2020-07-30","Thu Jul 16 14:01:59 IST 2020"
"0.25","1.29","79.01","75.08","77.05","0.31","0.2","0.91","389291","1254663","325750","1643500","3192.2","3200","2020-07-30","Thu Jul 16 14:04:31 IST 2020"
"0.24","0.95","80.25","76.88","77.05","0.3","0.19","0.91","377005","1269188","315500","1657000","3178.0","3200","2020-07-30","Thu Jul 16 14:07:02 IST 2020"
"0.24","1.05","79.42","76.05","77.05","0.3","0.19","0.91","386347","1274145","322750","1655500","3181.4","3200","2020-07-30","Thu Jul 16 14:09:50 IST 2020"
"0.23","0.97","79.01","75.05","77.05","0.28","0.19","0.91","363316","1282787","321000","1657750","3181.4","3200","2020-07-30","Thu Jul 16 14:11:50 IST 2020"
"0.24","0.79","79.42","75.88","77.05","0.29","0.19","0.91","378722","1286208","316750","1656000","3176.0","3200","2020-07-30","Thu Jul 16 14:13:28 IST 2020"
"0.24","0.84","78.6","74.28","77.05","0.3","0.19","0.91","382051","1284113","319750","1650500","3171.15","3150","2020-07-30","Thu Jul 16 14:15:40 IST 2020"
"0.24","1.04","79.84","76.14","77.05","0.3","0.2","0.9","386114","1287320","321750","1641250","3178.0","3200","2020-07-30","Thu Jul 16 14:17:26 IST 2020"
"0.25","1.18","79.42","76.06","77.05","0.3","0.2","0.9","393831","1291557","327250","1634750","3178.0","3200","2020-07-30","Thu Jul 16 14:20:05 IST 2020"
"0.24","1.04","79.84","76.16","77.05","0.31","0.19","0.9","399061","1292485","319000","1646500","3180.3","3200","2020-07-30","Thu Jul 16 14:22:15 IST 2020"
"0.25","1.31","80.25","76.85","77.05","0.32","0.2","0.9","401682","1274243","324500","1633250","3189.2","3200","2020-07-30","Thu Jul 16 14:24:45 IST 2020"
"0.25","1.36","79.84","76.31","77.05","0.31","0.2","0.9","392689","1262714","332000","1635250","3188.55","3200","2020-07-30","Thu Jul 16 14:26:46 IST 2020"
"0.26","1.59","80.25","76.55","77.05","0.31","0.21","0.9","399506","1269508","347750","1633250","3188.55","3200","2020-07-30","Thu Jul 16 14:28:24 IST 2020"
"0.25","1.51","80.25","76.55","77.05","0.32","0.2","0.9","400482","1264561","334500","1643750","3194.0","3200","2020-07-30","Thu Jul 16 14:29:53 IST 2020"
"0.24","1.15","79.84","76.33","77.05","0.29","0.19","0.9","385212","1338951","319500","1658250","3182.0","3200","2020-07-30","Thu Jul 16 14:32:24 IST 2020"
"0.23","1.05","80.25","76.59","77.05","0.29","0.19","0.9","388326","1348398","317500","1660750","3182.0","3200","2020-07-30","Thu Jul 16 14:34:25 IST 2020"
"0.24","1.26","79.84","76.34","77.05","0.29","0.2","0.9","395908","1345206","330750","1661000","3182.0","3200","2020-07-30","Thu Jul 16 14:35:49 IST 2020"
"0.24","1.23","80.25","76.52","77.05","0.29","0.2","0.9","394869","1349748","324750","1658750","3181.0","3200","2020-07-30","Thu Jul 16 14:38:27 IST 2020"
"12.0","3.15","77.46","73.54","74.93","0.0","11.93","1","8844","0","1521000","127500","3315.0","3300","2020-07-30","Fri Jul 17 22:11:14 IST 2020"
"12.0","3.15","77.46","73.54","74.93","0.0","11.93","1","8844","0","1521000","127500","3315.0","3300","2020-07-30","Fri Jul 17 22:14:00 IST 2020"
"12.0","3.15","77.46","73.54","74.93","0.0","11.93","1","8844","0","1521000","127500","3315.0","3300","2020-07-30","Fri Jul 17 22:17:02 IST 2020"
"12.0","3.15","77.46","73.54","74.93","0.0","11.93","1","8844","0","1521000","127500","3315.0","3300","2020-07-30","Fri Jul 17 22:20:31 IST 2020"
"12.0","3.15","77.46","73.54","74.93","0.0","11.93","1","8844","0","1521000","127500","3315.0","3300","2020-07-30","Fri Jul 17 22:21:56 IST 2020"
"12.0","3.15","77.46","73.54","74.93","0.0","11.93","1","8844","0","1521000","127500","3315.0","3300","2020-07-30","Fri Jul 17 22:52:22 IST 2020"
"12.0","3.15","77.46","73.54","74.93","0.0","11.93","1","8844","0","1521000","127500","3315.0","3300","2020-07-30","Sun Jul 19 20:07:02 IST 2020"
"12.0","3.15","77.46","73.54","74.93","0.0","11.93","1","8844","0","1521000","127500","3315.0","3300","2020-07-30","Sun Jul 19 20:09:03 IST 2020"
"12.0","3.15","77.46","73.54","74.93","0.0","11.93","1","8844","0","1521000","127500","3315.0","3300","2020-07-30","Sun Jul 19 20:12:19 IST 2020"
"12.0","3.15","77.46","73.54","74.93","0.0","11.93","1","8844","0","1521000","127500","3315.0","3300","2020-07-30","Sun Jul 19 20:15:14 IST 2020"
"12.0","3.15","77.46","73.54","74.93","0.0","11.93","1","8844","0","1521000","127500","3315.0","3300","2020-07-30","Sun Jul 19 20:17:20 IST 2020"
"12.0","3.15","77.46","73.54","74.93","0.0","11.93","1","8844","0","1521000","127500","3315.0","3300","2020-07-30","Sun Jul 19 20:19:27 IST 2020"
"12.0","3.15","77.46","73.54","74.93","0.0","11.93","1","8844","0","1521000","127500","3315.0","3300","2020-07-30","Sun Jul 19 21:10:48 IST 2020"
"12.0","3.15","77.46","73.54","74.93","0.0","11.93","1","8844","0","1521000","127500","3315.0","3300","2020-07-30","Sun Jul 19 21:12:12 IST 2020"
"12.0","3.15","77.46","73.54","74.93","0.0","11.93","1","8844","0","1521000","127500","3315.0","3300","2020-07-30","Sun Jul 19 21:13:37 IST 2020"
"12.0","3.15","77.46","73.54","74.93","0.0","11.93","1","8844","0","1521000","127500","3315.0","3300","2020-07-30","Sun Jul 19 21:14:48 IST 2020"
"12.0","3.15","77.46","73.54","74.93","0.0","11.93","1","8844","0","1521000","127500","3315.0","3300","2020-07-30","Sun Jul 19 21:17:24 IST 2020"
"12.0","3.15","77.46","73.54","74.93","0.0","11.93","1","8844","0","1521000","127500","3315.0","3300","2020-07-30","Sun Jul 19 21:18:22 IST 2020"
"12.0","3.15","77.46","73.54","74.93","0.0","11.93","1","8844","0","1521000","127500","3315.0","3300","2020-07-30","Sun Jul 19 21:20:04 IST 2020"
"12.0","3.15","77.46","73.54","74.93","0.0","11.93","1","8844","0","1521000","127500","3315.0","3300","2020-07-30","Sun Jul 19 21:22:16 IST 2020"
"12.0","3.15","77.46","73.54","74.93","0.0","11.93","1","8844","0","1521000","127500","3315.0","3300","2020-07-30","Sun Jul 19 21:23:06 IST 2020"
"12.0","3.15","77.46","73.54","74.93","0.0","11.93","1","8844","0","1521000","127500","3315.0","3300","2020-07-30","Sun Jul 19 21:24:02 IST 2020"
"12.0","3.15","77.46","73.54","74.93","0.0","11.93","1","8844","0","1521000","127500","3315.0","3300","2020-07-30","Sun Jul 19 21:25:00 IST 2020"
"12.0","3.15","77.46","73.54","74.93","0.0","11.93","1","8844","0","1521000","127500","3315.0","3300","2020-07-30","Sun Jul 19 21:26:05 IST 2020"
"12.0","3.15","77.46","73.54","74.93","0.0","11.93","1","8844","0","1521000","127500","3315.0","3300","2020-07-30","Sun Jul 19 21:27:13 IST 2020"
"12.0","3.15","77.46","73.54","74.93","0.0","11.93","1","8844","0","1521000","127500","3315.0","3300","2020-07-30","Sun Jul 19 21:28:31 IST 2020"
"0.72","1.01","77.37","73.54","74.83","0.64","0.81","1","96622","150714","110000","135500","3348.0","3300","2020-07-30","Mon Jul 20 09:18:10 IST 2020"
"0.6","0.74","82.3","79.81","74.83","0.54","0.67","1","92037","169241","97250","145500","3348.0","3350","2020-07-30","Mon Jul 20 09:18:49 IST 2020"
"0.71","0.97","82.3","80.3","74.83","0.6","0.84","1","107743","179400","132000","157500","3326.25","3300","2020-07-30","Mon Jul 20 09:19:58 IST 2020"
"0.74","0.98","82.3","80.3","74.83","0.66","0.85","1","123583","188397","139250","164500","3340.0","3300","2020-07-30","Mon Jul 20 09:21:30 IST 2020"
"0.74","1.06","83.13","81.96","74.83","0.63","0.86","1","133553","210768","155250","181000","3340.0","3350","2020-07-30","Mon Jul 20 09:22:48 IST 2020"
"0.6","0.79","82.72","81.54","74.83","0.48","0.74","1","119708","249556","148750","201000","3338.1","3350","2020-07-30","Mon Jul 20 09:24:43 IST 2020"
"0.58","0.4","83.13","81.84","74.83","0.56","0.61","1","141934","254856","134250","219250","3330.6","3300","2020-07-30","Mon Jul 20 09:26:25 IST 2020"
"0.63","0.77","83.13","82.33","74.83","0.54","0.74","1","141596","263788","157250","211750","3320.75","3300","2020-07-30","Mon Jul 20 09:27:52 IST 2020"
"0.71","1.02","82.72","81","74.83","0.64","0.8","1","164758","259269","168500","210250","3336.0","3300","2020-07-30","Mon Jul 20 09:29:22 IST 2020"
"0.73","1.07","82.72","81.24","74.83","0.66","0.82","1","185807","281502","173000","210500","3336.0","3350","2020-07-30","Mon Jul 20 09:30:50 IST 2020"
"0.82","1.31","82.72","81.8","74.83","0.71","0.96","1","194850","273999","191500","200000","3338.2","3350","2020-07-30","Mon Jul 20 09:32:03 IST 2020"
"0.78","1.35","82.72","81.8","74.83","0.67","0.95","1","199615","297547","187750","197750","3338.2","3350","2020-07-30","Mon Jul 20 09:33:10 IST 2020"
"0.74","1.3","83.13","81.94","74.83","0.66","0.86","1","204591","308067","180250","208500","3346.8","3350","2020-07-30","Mon Jul 20 09:35:04 IST 2020"
"0.68","1.19","83.13","82.12","74.83","0.6","0.81","1","190739","319341","174750","214500","3346.0","3350","2020-07-30","Mon Jul 20 09:36:18 IST 2020"
"0.71","1.14","82.3","80.76","74.83","0.61","0.85","1","195584","321811","187000","219000","3342.9","3350","2020-07-30","Mon Jul 20 09:37:36 IST 2020"
"0.72","1.28","82.3","80.76","74.83","0.62","0.88","1","208719","336489","192500","217750","3342.9","3350","2020-07-30","Mon Jul 20 09:38:56 IST 2020"
"0.82","1.63","82.3","80.76","74.83","0.65","1.09","1","214022","327594","213250","196250","3342.6","3350","2020-07-30","Mon Jul 20 09:40:35 IST 2020"
"0.73","1.31","82.72","81.09","74.83","0.64","0.85","1","219289","342040","194250","228000","3350.25","3350","2020-07-30","Mon Jul 20 09:42:19 IST 2020"
"0.63","1.04","82.72","81.09","74.83","0.55","0.75","1","197077","356435","183000","242500","3345.0","3350","2020-07-30","Mon Jul 20 09:43:39 IST 2020"
"0.59","0.87","82.72","81.78","74.83","0.51","0.71","1","184074","362944","177250","248250","3345.0","3350","2020-07-30","Mon Jul 20 09:44:52 IST 2020"
"0.68","1.33","83.13","82.32","74.83","0.56","0.89","1","206777","370782","203750","229500","3346.2","3350","2020-07-30","Mon Jul 20 09:48:10 IST 2020"
"0.66","1.44","83.13","82.04","74.83","0.54","0.86","1","224529","418824","214750","249750","3345.55","3350","2020-07-30","Mon Jul 20 09:54:41 IST 2020"
"0.67","1.44","83.13","82.28","74.83","0.55","0.86","1.01","230497","418330","214750","249750","3345.55","3350","2020-07-30","Mon Jul 20 09:56:04 IST 2020"
"0.81","1.97","83.13","82.29","74.83","0.66","1.05","1.01","232506","351025","220500","210250","3349.75","3350","2020-07-30","Mon Jul 20 09:57:15 IST 2020"
"0.78","2.01","83.13","82.29","74.83","0.63","1.02","1.01","233960","368470","226250","221250","3361.15","3350","2020-07-30","Mon Jul 20 09:59:00 IST 2020"
"0.78","2.15","83.13","82.21","74.83","0.71","0.88","1.02","269969","378593","236750","268500","3367.0","3350","2020-07-30","Mon Jul 20 10:10:52 IST 2020"
"0.79","2.14","83.13","82.21","74.83","0.7","0.9","1.02","269431","383625","242000","267500","3369.0","3350","2020-07-30","Mon Jul 20 10:12:52 IST 2020"
"0.81","2.22","83.54","86.23","74.83","0.73","0.91","1.01","273754","372909","242000","266750","3371.0","3350","2020-07-30","Mon Jul 20 10:14:45 IST 2020"
"0.77","2.13","83.13","82.48","74.83","0.7","0.87","1.01","264882","379436","239500","274250","3365.3","3350","2020-07-30","Mon Jul 20 10:16:55 IST 2020"
"0.79","2.21","83.13","82.48","74.83","0.7","0.9","1.01","269098","382756","247750","274000","3365.3","3350","2020-07-30","Mon Jul 20 10:18:07 IST 2020"
"0.87","2.26","83.13","82.52","74.83","0.83","0.92","1.01","274493","331664","251000","274000","3367.65","3350","2020-07-30","Mon Jul 20 10:19:53 IST 2020"
"0.91","2.44","83.54","83.74","74.83","0.81","1.05","1.01","273868","337260","263250","251250","3375.3","3350","2020-07-30","Mon Jul 20 10:21:32 IST 2020"
"0.97","2.56","83.54","83.91","74.83","0.86","1.11","1.01","281243","327910","273500","246750","3378.55","3400","2020-07-30","Mon Jul 20 10:23:06 IST 2020"
"0.91","2.62","83.54","85.1","74.83","0.82","1.05","1","287919","351545","267750","256000","3382.1","3400","2020-07-30","Mon Jul 20 10:27:57 IST 2020"
"0.89","2.53","83.54","84.2","74.83","0.79","1.02","1","284256","360007","265750","261000","3382.0","3400","2020-07-30","Mon Jul 20 10:29:00 IST 2020"
"0.88","2.62","83.54","84.2","74.83","0.76","1.05","1","278826","367372","267750","256000","3382.1","3400","2020-07-30","Mon Jul 20 10:30:31 IST 2020"
"0.77","2.16","83.13","83.22","74.83","0.69","0.88","1.01","267072","387693","241750","274750","3369.05","3350","2020-07-30","Mon Jul 20 10:32:45 IST 2020"
"0.93","3.01","83.13","83.16","74.83","0.84","1.05","1.02","356270","424750","324500","308500","3393.15","3400","2020-07-30","Mon Jul 20 13:28:32 IST 2020"
"0.9","2.96","83.13","81.9","74.83","0.85","0.98","1.04","357718","422250","298000","303500","3393.0","3400","2020-07-30","Mon Jul 20 14:14:43 IST 2020"
"0.98","3.16","83.13","81.9","74.83","0.93","1.05","1.04","361588","390881","292750","278500","3393.0","3400","2020-07-30","Mon Jul 20 14:15:39 IST 2020"
"1.07","3.16","83.13","82.66","74.83","1.08","1.05","1.04","355119","328101","292750","278500","3393.0","3400","2020-07-30","Mon Jul 20 14:16:10 IST 2020"
"1.08","3.18","83.13","82.66","74.83","1.14","1.02","1.04","384190","337411","295750","290750","3401.0","3400","2020-07-30","Mon Jul 20 14:16:57 IST 2020"
"1.15","3.1","83.13","82.66","74.83","1.14","1.17","1.04","401316","352059","351500","301500","3401.0","3400","2020-07-30","Mon Jul 20 14:17:32 IST 2020"
"1.17","3.04","83.13","82.66","74.83","1.15","1.18","1.04","407299","352921","364000","307500","3401.0","3400","2020-07-30","Mon Jul 20 14:18:00 IST 2020"
"1.2","3.05","83.13","82.66","74.83","1.18","1.22","1.04","410221","348263","386500","317000","3401.0","3400","2020-07-30","Mon Jul 20 14:18:31 IST 2020"
"1.33","3.1","83.13","82.66","74.83","1.18","1.5","1.04","410221","348263","476750","317750","3394.15","3400","2020-07-30","Mon Jul 20 14:19:08 IST 2020"
"1.43","3.08","82.72","81.67","74.83","1.17","1.69","1.04","410362","349985","568750","336250","3394.15","3400","2020-07-30","Mon Jul 20 14:19:39 IST 2020"
"1.43","3.14","82.72","81.67","74.83","1.15","1.72","1.04","408220","354343","576000","334750","3394.15","3400","2020-07-30","Mon Jul 20 14:20:12 IST 2020"
"1.42","3.11","82.72","81.66","74.83","1.14","1.72","1.04","411763","359700","574750","333750","3396.0","3400","2020-07-30","Mon Jul 20 14:20:50 IST 2020"
"1.49","3.24","82.72","81.66","74.83","1.2","1.78","1.04","410799","341053","578000","324250","3396.0","3400","2020-07-30","Mon Jul 20 14:21:24 IST 2020"
"1.5","3.04","82.72","81.66","74.83","1.12","1.91","1.04","404622","362197","660250","345750","3396.0","3400","2020-07-30","Mon Jul 20 14:22:06 IST 2020"
"1.53","2.94","83.13","81.88","74.83","1.23","1.84","1.05","451046","365518","655750","356250","3395.0","3400","2020-07-30","Mon Jul 20 14:22:40 IST 2020"
"1.53","2.94","83.13","81.88","74.83","1.23","1.84","1.05","451046","365518","655750","356250","3395.0","3400","2020-07-30","Mon Jul 20 14:23:09 IST 2020"
"1.58","3.03","83.13","82.06","74.83","1.26","1.92","1.05","465573","369651","660500","344750","3395.0","3400","2020-07-30","Mon Jul 20 14:23:45 IST 2020"
"1.67","3.03","83.13","82.06","74.83","1.44","1.92","1.05","539601","375564","660500","344750","3395.0","3400","2020-07-30","Mon Jul 20 14:24:11 IST 2020"
"1.8","3.15","83.13","82.06","74.83","1.52","2.11","1.05","569095","374733","709750","336250","3396.1","3400","2020-07-30","Mon Jul 20 14:24:38 IST 2020"
"1.9","3.19","83.13","82.06","74.83","1.53","2.33","1.05","573527","375405","770250","330000","3396.1","3400","2020-07-30","Mon Jul 20 14:25:04 IST 2020"
"1.9","3.19","83.13","82.33","74.83","1.53","2.33","1.05","573527","375405","770250","330000","3396.1","3400","2020-07-30","Mon Jul 20 14:25:31 IST 2020"
"1.76","3.03","83.13","82.33","74.83","1.6","1.92","1.05","572240","357265","660500","344750","3395.0","3400","2020-07-30","Mon Jul 20 14:25:58 IST 2020"
"2.35","3.53","83.13","82.33","74.83","1.79","3.03","1.05","575338","320697","784000","258500","3396.1","3400","2020-07-30","Mon Jul 20 14:26:25 IST 2020"
"2.55","3.59","83.13","83.2","74.83","2.08","3.11","1.05","638223","306677","791000","254750","3401.1","3400","2020-07-30","Mon Jul 20 14:26:54 IST 2020"
"2.75","3.59","83.13","83.2","74.83","2.43","3.11","1.05","691943","284941","791000","254750","3401.1","3400","2020-07-30","Mon Jul 20 14:27:22 IST 2020"
"2.62","3.61","83.13","83.2","74.83","2.31","2.98","1.05","688929","298734","799000","268500","3401.1","3400","2020-07-30","Mon Jul 20 14:27:48 IST 2020"
"3.23","3.84","83.54","83.74","74.83","2.8","3.78","1.05","766375","273876","822500","217500","3401.1","3400","2020-07-30","Mon Jul 20 14:28:15 IST 2020"
"3.41","3.84","83.54","83.74","74.83","3.1","3.78","1.05","824918","265824","822500","217500","3401.1","3400","2020-07-30","Mon Jul 20 14:28:43 IST 2020"
"3.02","3.51","83.54","83.74","74.83","3.07","2.98","1.05","826937","269627","783500","263250","3401.1","3400","2020-07-30","Mon Jul 20 14:29:09 IST 2020"
"3.37","3.81","83.54","83.74","74.83","2.92","3.92","1.05","828550","283513","914250","233000","3412.7","3400","2020-07-30","Mon Jul 20 14:29:34 IST 2020"
"3.25","3.85","83.54","84.26","74.83","2.79","3.8","1.05","825198","296129","943000","248000","3412.7","3400","2020-07-30","Mon Jul 20 14:30:06 IST 2020"
"3.27","3.67","83.54","84.26","74.83","2.81","3.79","1.05","846615","301040","980750","258500","3420.4","3400","2020-07-30","Mon Jul 20 14:30:45 IST 2020"
"3.51","3.97","83.54","83.97","74.83","3.01","4.08","1.05","855398","284232","1009750","247500","3420.4","3400","2020-07-30","Mon Jul 20 14:32:08 IST 2020"
"3.28","3.82","83.54","83.96","74.83","2.87","3.75","1.05","856605","298832","997000","266000","3422.9","3400","2020-07-30","Mon Jul 20 14:32:49 IST 2020"
"3.42","3.93","83.54","83.96","74.83","3.0","3.9","1.05","891972","297464","1007250","258000","3422.9","3400","2020-07-30","Mon Jul 20 14:33:12 IST 2020"
"3.52","3.93","83.54","83.96","74.83","3.2","3.9","1.05","976120","305333","1007250","258000","3422.9","3400","2020-07-30","Mon Jul 20 14:33:37 IST 2020"
"3.55","3.98","83.54","83.96","74.83","3.2","3.98","1.05","976120","305333","1017000","255500","3422.9","3400","2020-07-30","Mon Jul 20 14:34:02 IST 2020"
"3.91","4.11","83.54","83.96","74.83","3.58","4.31","1.05","1038316","290128","1032000","239500","3422.9","3400","2020-07-30","Mon Jul 20 14:34:27 IST 2020"
"3.86","4.04","83.54","83.89","74.83","3.58","4.18","1.05","1038316","290128","1079750","258250","3428.9","3450","2020-07-30","Mon Jul 20 14:34:52 IST 2020"
"4.08","4.13","83.54","83.89","74.83","3.79","4.42","1.05","1081790","285805","1096250","247750","3428.9","3450","2020-07-30","Mon Jul 20 14:35:16 IST 2020"
"4.03","4.18","83.54","83.89","74.83","3.7","4.41","1.05","1086378","293305","1103500","250250","3428.9","3450","2020-07-30","Mon Jul 20 14:35:44 IST 2020"
"3.95","4.18","83.54","84.74","74.83","3.56","4.41","1.05","1077779","302621","1103500","250250","3428.9","3450","2020-07-30","Mon Jul 20 14:36:07 IST 2020"
"3.79","4.07","83.54","84.74","74.83","3.56","4.05","1.05","1077779","302621","1091000","269250","3428.9","3450","2020-07-30","Mon Jul 20 14:36:32 IST 2020"
"3.81","4.23","83.54","84.74","74.83","3.51","4.17","1.05","1079745","307380","1096750","263250","3432.7","3450","2020-07-30","Mon Jul 20 14:37:07 IST 2020"
"3.74","4.23","83.54","84.76","74.83","3.39","4.17","1.05","1077226","317832","1096750","263250","3432.7","3450","2020-07-30","Mon Jul 20 14:37:33 IST 2020"
"3.65","4.16","83.54","84.76","74.83","3.39","3.96","1.05","1077226","317832","1091750","275750","3432.7","3450","2020-07-30","Mon Jul 20 14:37:59 IST 2020"
"3.64","4.12","83.54","84.76","74.83","3.42","3.89","1.05","1108299","324331","1090750","280500","3432.7","3450","2020-07-30","Mon Jul 20 14:38:25 IST 2020"
"3.64","4.21","83.54","85.24","74.83","3.42","3.89","1.05","1108299","324331","1095500","281500","3429.45","3450","2020-07-30","Mon Jul 20 14:38:50 IST 2020"
"3.65","4.19","83.54","85.24","74.83","3.37","3.99","1.05","1109767","328858","1100000","276000","3429.45","3450","2020-07-30","Mon Jul 20 14:39:13 IST 2020"
"3.67","4.19","83.54","85.24","74.83","3.41","3.99","1.05","1112642","326446","1100000","276000","3429.45","3450","2020-07-30","Mon Jul 20 14:39:37 IST 2020"
"3.67","4.27","83.54","85.24","74.83","3.41","3.97","1.05","1112642","326446","1102000","277250","3429.45","3450","2020-07-30","Mon Jul 20 14:40:01 IST 2020"
"3.98","4.31","83.54","85.09","74.83","3.77","4.23","1.05","1129034","299718","1103250","261000","3429.45","3450","2020-07-30","Mon Jul 20 14:40:24 IST 2020"
"4.01","4.28","83.54","85.09","74.83","3.72","4.34","1.05","1148113","309038","1168750","269000","3435.7","3450","2020-07-30","Mon Jul 20 14:40:48 IST 2020"
"4.0","4.32","83.54","85.09","74.83","3.63","4.44","1.05","1152571","317234","1179250","265750","3435.7","3450","2020-07-30","Mon Jul 20 14:41:10 IST 2020"
"3.94","4.32","83.54","85.09","74.83","3.53","4.44","1.05","1126112","318681","1179250","265750","3435.7","3450","2020-07-30","Mon Jul 20 14:41:35 IST 2020"
"3.84","4.13","83.54","85.09","74.83","3.53","4.2","1.05","1126112","318681","1167750","278250","3435.7","3450","2020-07-30","Mon Jul 20 14:42:02 IST 2020"
"3.8","4.13","83.54","84.71","74.83","3.45","4.2","1.05","1119108","324253","1167750","278250","3435.7","3450","2020-07-30","Mon Jul 20 14:42:25 IST 2020"
"3.73","4.01","83.54","84.71","74.83","3.4","4.14","1.05","1126741","331813","1157000","279750","3430.0","3450","2020-07-30","Mon Jul 20 14:42:51 IST 2020"
"3.81","4.08","83.54","84.71","74.83","3.4","4.32","1.05","1126741","331813","1169250","270750","3430.0","3450","2020-07-30","Mon Jul 20 14:43:14 IST 2020"
"3.83","4.1","83.54","84.71","74.83","3.43","4.31","1.05","1121421","327273","1167750","271000","3430.0","3450","2020-07-30","Mon Jul 20 14:43:37 IST 2020"
"3.8","4.19","83.54","84.71","74.83","3.38","4.33","1.05","1124635","333121","1171500","270500","3430.0","3450","2020-07-30","Mon Jul 20 14:44:01 IST 2020"
"3.8","4.19","83.54","84.71","74.83","3.38","4.33","1.05","1124635","333121","1171500","270500","3428.75","3450","2020-07-30","Mon Jul 20 14:44:26 IST 2020"
"3.84","4.28","83.54","84.71","74.83","3.42","4.36","1.05","1131923","331030","1176000","269750","3428.75","3450","2020-07-30","Mon Jul 20 14:44:50 IST 2020"
"3.99","4.35","83.13","83.28","74.83","3.57","4.5","1.05","1133816","318018","1179250","262250","3428.75","3450","2020-07-30","Mon Jul 20 14:45:17 IST 2020"
"4.1","4.4","83.13","83.28","74.83","3.77","4.48","1.05","1135586","301539","1180500","263250","3428.75","3450","2020-07-30","Mon Jul 20 14:45:42 IST 2020"
"4.02","4.4","83.13","83.28","74.83","3.63","4.48","1.05","1134815","312365","1180500","263250","3428.75","3450","2020-07-30","Mon Jul 20 14:46:07 IST 2020"
"3.98","4.29","83.13","83.28","74.83","3.63","4.39","1.05","1134815","312365","1172000","267000","3428.75","3450","2020-07-30","Mon Jul 20 14:46:31 IST 2020"
"3.93","4.37","83.13","83.28","74.83","3.53","4.42","1.05","1130248","320266","1175250","265750","3434.0","3450","2020-07-30","Mon Jul 20 14:46:59 IST 2020"
"3.83","4.31","83.13","83.28","74.83","3.47","4.25","1.05","1130542","325525","1173500","276250","3434.0","3450","2020-07-30","Mon Jul 20 14:47:49 IST 2020"
"3.75","4.38","83.54","83.95","74.83","3.34","4.25","1.05","1122437","336223","1178250","277250","3434.0","3450","2020-07-30","Mon Jul 20 14:48:30 IST 2020"
"3.73","4.31","83.54","83.95","74.83","3.37","4.16","1.05","1127674","334721","1170000","281500","3433.2","3450","2020-07-30","Mon Jul 20 14:48:58 IST 2020"
"3.71","4.32","83.54","83.95","74.83","3.37","4.12","1.05","1127674","334721","1170500","284000","3433.2","3450","2020-07-30","Mon Jul 20 14:49:22 IST 2020"
"3.75","4.32","83.54","83.95","74.83","3.45","4.1","1.05","1182951","342664","1169750","285000","3433.2","3450","2020-07-30","Mon Jul 20 14:49:48 IST 2020"
"3.87","4.28","83.54","83.95","74.83","3.6","4.2","1.05","1243155","345796","1205250","286750","3433.2","3450","2020-07-30","Mon Jul 20 14:50:15 IST 2020"
"4.05","4.32","83.54","83.95","74.83","3.63","4.56","1.05","1248447","344100","1289250","282750","3432.5","3450","2020-07-30","Mon Jul 20 14:50:43 IST 2020"
"4.23","4.41","83.54","83.95","74.83","3.8","4.75","1.05","1244047","327707","1301000","273750","3432.5","3450","2020-07-30","Mon Jul 20 14:51:08 IST 2020"
"4.17","4.41","83.13","83.39","74.83","3.71","4.75","1.05","1247883","336772","1301000","273750","3432.5","3450","2020-07-30","Mon Jul 20 14:51:32 IST 2020"
"4.1","4.37","83.13","83.39","74.83","3.68","4.61","1.05","1250473","339506","1296500","281500","3432.5","3450","2020-07-30","Mon Jul 20 14:51:58 IST 2020"
"4.07","4.28","83.13","83.39","74.83","3.68","4.54","1.05","1250473","339506","1292000","284750","3432.5","3450","2020-07-30","Mon Jul 20 14:52:27 IST 2020"
"4.01","4.34","83.13","83.39","74.83","3.57","4.56","1.05","1235424","346333","1293750","284000","3436.0","3450","2020-07-30","Mon Jul 20 14:52:56 IST 2020"
"3.99","4.23","83.13","83.39","74.83","3.57","4.51","1.05","1235424","346333","1285000","285000","3436.0","3450","2020-07-30","Mon Jul 20 14:53:22 IST 2020"
"3.98","4.04","83.13","83.39","74.83","3.56","4.5","1.05","1236956","347674","1267000","281500","3436.0","3450","2020-07-30","Mon Jul 20 14:53:49 IST 2020"
"3.93","4.04","83.13","83.39","74.83","3.47","4.5","1.05","1223184","352031","1267000","281500","3436.0","3450","2020-07-30","Mon Jul 20 14:54:15 IST 2020"
"4.01","4.2","83.13","83.3","74.83","3.48","4.68","1.05","1220864","350939","1278750","273000","3433.0","3450","2020-07-30","Mon Jul 20 14:54:42 IST 2020"
"4.03","4.22","83.13","83.3","74.83","3.48","4.73","1.05","1220864","350939","1293750","273250","3433.0","3450","2020-07-30","Mon Jul 20 14:55:10 IST 2020"
"0.97","-1.86","79.01","75.21","74.32","1.04","0.9","0.84","338397","326341","238750","266750","3214.0","3200","2020-07-30","Wed Jul 22 09:33:21 IST 2020"
"0.99","-1.76","79.01","75.21","74.32","1.04","0.93","0.84","338397","326341","245750","263500","3214.35","3200","2020-07-30","Wed Jul 22 09:33:43 IST 2020"
"0.95","-2.05","79.84","76.09","74.32","1.05","0.83","0.81","374279","354916","236250","285000","3217.75","3200","2020-07-30","Wed Jul 22 09:36:49 IST 2020"
"0.94","-2.17","79.84","76.09","74.32","1.05","0.79","0.81","374279","354916","227750","287500","3217.75","3200","2020-07-30","Wed Jul 22 09:37:12 IST 2020"
"0.94","-2.18","79.84","76.27","74.32","1.01","0.85","0.81","358405","355803","237750","278750","3207.45","3200","2020-07-30","Wed Jul 22 09:37:34 IST 2020"
"0.86","-2.41","79.84","76.27","74.32","0.94","0.77","0.81","349545","371616","231500","301250","3207.45","3200","2020-07-30","Wed Jul 22 09:37:55 IST 2020"
"0.85","-2.33","79.84","76.27","74.32","0.89","0.8","0.81","325109","367313","235750","294750","3207.45","3200","2020-07-30","Wed Jul 22 09:38:17 IST 2020"
"0.85","-2.33","79.84","76.27","74.32","0.89","0.8","0.81","325109","367313","235750","294750","3207.45","3200","2020-07-30","Wed Jul 22 09:38:39 IST 2020"
"0.93","-2.11","79.42","76.07","74.32","0.95","0.89","0.81","339138","357086","250250","279750","3207.45","3200","2020-07-30","Wed Jul 22 09:39:01 IST 2020"
"0.92","-2.15","79.42","76.07","74.32","0.97","0.86","0.81","352239","363611","241250","280750","3210.0","3200","2020-07-30","Wed Jul 22 09:39:22 IST 2020"
"0.92","-2.15","79.42","76.07","74.32","0.97","0.86","0.81","352239","363611","241250","280750","3210.0","3200","2020-07-30","Wed Jul 22 09:39:45 IST 2020"
"0.96","-1.86","79.42","76.07","74.32","0.98","0.94","0.81","356006","363872","256000","272500","3210.0","3200","2020-07-30","Wed Jul 22 09:40:07 IST 2020"
"0.98","-1.86","79.84","76.29","74.32","1.0","0.94","0.81","362621","361102","256000","272500","3210.0","3200","2020-07-30","Wed Jul 22 09:40:30 IST 2020"
"0.91","-2.16","79.84","76.29","74.32","0.95","0.87","0.81","351167","370325","244250","281500","3210.0","3200","2020-07-30","Wed Jul 22 09:40:52 IST 2020"
"0.96","-2.16","79.84","76.29","74.32","1.03","0.87","0.81","386301","374239","244250","281500","3210.0","3200","2020-07-30","Wed Jul 22 09:41:14 IST 2020"
"0.98","-2.01","79.84","76.29","74.32","1.03","0.91","0.81","386301","374239","256250","282000","3210.95","3200","2020-07-30","Wed Jul 22 09:41:36 IST 2020"
"1.01","-1.88","79.84","76.29","74.32","1.07","0.94","0.81","404054","379178","267000","282750","3210.95","3200","2020-07-30","Wed Jul 22 09:41:58 IST 2020"
"1.0","-1.88","79.42","75.91","74.32","1.05","0.94","0.81","403119","385412","267000","282750","3210.95","3200","2020-07-30","Wed Jul 22 09:42:21 IST 2020"
"0.99","-2.04","79.42","75.91","74.32","1.07","0.89","0.81","411581","386265","261500","292500","3210.95","3200","2020-07-30","Wed Jul 22 09:42:46 IST 2020"
"1.02","-1.83","79.42","75.91","74.32","1.07","0.95","0.81","411581","386265","271500","285250","3210.95","3200","2020-07-30","Wed Jul 22 09:43:07 IST 2020"
"1.01","-1.89","79.42","75.91","74.32","1.07","0.93","0.81","417406","391618","269000","290250","3218.35","3200","2020-07-30","Wed Jul 22 09:43:29 IST 2020"
"1.0","-1.91","79.42","75.91","74.32","1.08","0.89","0.81","424178","392554","267000","299000","3218.35","3200","2020-07-30","Wed Jul 22 09:43:52 IST 2020"
"1.02","-1.88","79.42","75.91","74.32","1.08","0.94","0.81","424178","392554","267000","282750","3210.95","3200","2020-07-30","Wed Jul 22 09:44:15 IST 2020"
"1.01","-1.9","79.42","75.91","74.32","1.1","0.9","0.81","431171","393558","270500","299250","3218.35","3200","2020-07-30","Wed Jul 22 09:44:38 IST 2020"
"1.03","-1.85","79.42","75.91","74.32","1.12","0.92","0.81","437582","391817","273750","297000","3218.35","3200","2020-07-30","Wed Jul 22 09:45:00 IST 2020"
"1.05","-1.85","79.01","75.56","74.32","1.16","0.92","0.8","436998","376892","273750","297000","3218.35","3200","2020-07-30","Wed Jul 22 09:45:26 IST 2020"
"1.11","-1.85","79.01","75.56","74.32","1.27","0.92","0.8","453586","357808","273750","297000","3218.35","3200","2020-07-30","Wed Jul 22 09:46:10 IST 2020"
"1.16","-1.49","79.01","75.56","74.32","1.27","1.03","0.8","453586","357808","287750","280000","3218.35","3200","2020-07-30","Wed Jul 22 09:46:32 IST 2020"
"1.2","-1.27","79.01","75.56","74.32","1.3","1.06","0.8","459764","353042","294750","277000","3218.35","3200","2020-07-30","Wed Jul 22 09:46:54 IST 2020"
"1.18","-1.27","79.01","75.56","74.32","1.26","1.06","0.8","454956","359865","294750","277000","3230.0","3200","2020-07-30","Wed Jul 22 09:47:20 IST 2020"
"1.17","-1.38","78.6","75.08","74.32","1.26","1.04","0.8","454956","359865","287750","276500","3230.0","3250","2020-07-30","Wed Jul 22 09:47:43 IST 2020"
"1.16","-1.5","78.6","75.08","74.32","1.28","1.02","0.8","459380","359741","284750","279500","3218.35","3250","2020-07-30","Wed Jul 22 09:48:07 IST 2020"
"1.22","-1.27","78.6","75.08","74.32","1.35","1.06","0.8","463587","342993","294750","277000","3230.0","3250","2020-07-30","Wed Jul 22 09:48:33 IST 2020"
"1.25","-1.05","78.6","75.08","74.32","1.33","1.15","0.8","460251","344904","305000","265750","3230.0","3250","2020-07-30","Wed Jul 22 09:48:55 IST 2020"
"1.25","-1.02","77.78","74.07","74.32","1.33","1.13","0.8","460251","344904","310000","273250","3230.0","3250","2020-07-30","Wed Jul 22 09:49:16 IST 2020"
"1.21","-1.08","77.78","74.07","74.32","1.29","1.11","0.8","456027","353131","306250","277000","3242.15","3250","2020-07-30","Wed Jul 22 09:50:00 IST 2020"
"1.21","-1.08","77.78","74.07","74.32","1.29","1.11","0.8","456027","353131","306250","277000","3242.15","3250","2020-07-30","Wed Jul 22 09:50:22 IST 2020"
"1.38","-0.58","75.72","72.97","74.32","1.48","1.26","0.8","476921","322559","314250","248750","3242.15","3250","2020-07-30","Wed Jul 22 09:51:09 IST 2020"
"1.31","-0.58","75.72","72.97","74.32","1.34","1.26","0.8","467073","347947","314250","248750","3255.25","3250","2020-07-30","Wed Jul 22 09:51:31 IST 2020"
"1.21","-0.81","75.72","72.97","74.32","1.28","1.12","0.8","457873","358935","306250","273250","3255.25","3250","2020-07-30","Wed Jul 22 09:51:54 IST 2020"
"1.19","-0.81","75.72","72.97","74.32","1.25","1.12","0.8","465631","373646","306250","273250","3255.25","3250","2020-07-30","Wed Jul 22 09:52:16 IST 2020"
"1.18","-0.86","76.54","73.34","74.32","1.25","1.1","0.8","465631","373646","304000","277000","3255.25","3250","2020-07-30","Wed Jul 22 09:52:39 IST 2020"
"1.14","-1.11","76.54","73.34","74.32","1.2","1.07","0.8","457126","382355","299250","278750","3255.25","3250","2020-07-30","Wed Jul 22 09:53:01 IST 2020"
"1.16","-1.01","76.54","73.34","74.32","1.2","1.12","0.8","457126","382355","311750","279250","3239.1","3250","2020-07-30","Wed Jul 22 09:53:24 IST 2020"
"1.25","-0.76","76.54","73.34","74.32","1.28","1.19","0.8","476119","370913","328000","274500","3239.1","3250","2020-07-30","Wed Jul 22 09:53:46 IST 2020"
"1.23","-0.76","76.54","73.34","74.32","1.26","1.19","0.8","478017","378579","328000","274500","3239.1","3250","2020-07-30","Wed Jul 22 09:54:08 IST 2020"
"1.21","-0.88","76.95","73.53","74.32","1.26","1.13","0.79","478017","378579","316750","279250","3239.1","3250","2020-07-30","Wed Jul 22 09:54:30 IST 2020"
"1.21","-0.88","76.95","73.53","74.32","1.26","1.13","0.79","478017","378579","316750","279250","3239.1","3250","2020-07-30","Wed Jul 22 09:54:53 IST 2020"
"1.21","-0.79","76.95","73.53","74.32","1.26","1.14","0.79","481542","383165","321250","280750","3239.1","3250","2020-07-30","Wed Jul 22 09:55:15 IST 2020"
"1.21","-0.79","76.95","73.53","74.32","1.25","1.14","0.79","485916","387627","321250","280750","3246.35","3250","2020-07-30","Wed Jul 22 09:55:40 IST 2020"
"1.2","-0.75","76.95","73.53","74.32","1.24","1.14","0.79","488345","392398","321750","282500","3246.35","3250","2020-07-30","Wed Jul 22 09:56:02 IST 2020"
"1.2","-0.75","76.95","73.53","74.32","1.24","1.14","0.79","488345","392398","321750","282500","3246.35","3250","2020-07-30","Wed Jul 22 09:56:24 IST 2020"
"1.14","-0.96","76.95","73.53","74.32","1.21","1.06","0.79","484231","400541","311250","294250","3246.35","3250","2020-07-30","Wed Jul 22 09:56:45 IST 2020"
"1.54","0.34","77.78","74.18","74.32","1.61","1.45","0.79","508596","316535","356750","246250","3269.85","3250","2020-07-30","Wed Jul 22 10:05:30 IST 2020"
"1.44","0.63","77.37","73.81","74.32","1.53","1.32","0.79","532853","347769","357750","271500","3281.8","3300","2020-07-30","Wed Jul 22 10:10:00 IST 2020"
"1.39","0.63","77.37","73.81","74.32","1.45","1.32","0.79","549113","378960","357750","271500","3281.8","3300","2020-07-30","Wed Jul 22 10:10:21 IST 2020"
"1.41","0.7","77.37","73.93","74.32","1.45","1.36","0.79","549113","378960","366000","269000","3296.25","3300","2020-07-30","Wed Jul 22 10:10:44 IST 2020"
"1.39","0.72","77.37","73.93","74.32","1.4","1.37","0.79","556790","398473","367000","267500","3296.25","3300","2020-07-30","Wed Jul 22 10:11:06 IST 2020"
"1.28","1.71","76.95","73.57","74.32","1.14","1.54","0.8","555262","486030","398500","258000","3326.75","3350","2020-07-30","Wed Jul 22 10:28:58 IST 2020"
"1.24","1.57","77.78","74.14","74.32","1.14","1.42","0.8","555262","486030","392750","276750","3326.75","3350","2020-07-30","Wed Jul 22 10:29:24 IST 2020"
"1.22","1.59","77.78","74.14","74.32","1.11","1.42","0.8","564916","507962","397500","279750","3326.75","3350","2020-07-30","Wed Jul 22 10:29:47 IST 2020"
"1.17","1.52","76.95","73.56","74.32","1.04","1.38","0.8","547160","524111","405250","293250","3325.6","3300","2020-07-30","Wed Jul 22 10:32:28 IST 2020"
"0.48","1.35","75.72","71.51","74.32","1.09","0.26","0.8","579478","533342","392500","1484250","3322.0","3300","2020-07-30","Wed Jul 22 11:22:53 IST 2020"
"0.48","1.35","75.72","71.51","74.32","1.09","0.27","0.8","579478","533342","394250","1482250","3322.0","3300","2020-07-30","Wed Jul 22 11:23:16 IST 2020"
"0.48","1.35","75.72","71.96","74.32","1.08","0.27","0.8","580533","535801","396750","1484500","3322.0","3300","2020-07-30","Wed Jul 22 11:23:41 IST 2020"
"0.48","1.35","75.72","71.96","74.32","1.08","0.27","0.8","580893","537861","396750","1484500","3322.0","3300","2020-07-30","Wed Jul 22 11:24:03 IST 2020"
"0.48","1.35","75.72","71.96","74.32","1.08","0.27","0.8","580893","537861","395750","1491000","3320.25","3300","2020-07-30","Wed Jul 22 11:24:26 IST 2020"
"0.48","1.31","75.72","71.96","74.32","1.07","0.26","0.8","576511","539048","392500","1494250","3320.25","3300","2020-07-30","Wed Jul 22 11:24:48 IST 2020"
"0.48","1.27","75.72","71.83","74.32","1.07","0.26","0.8","578875","543100","391000","1490000","3320.25","3300","2020-07-30","Wed Jul 22 11:25:11 IST 2020"
"0.46","1.16","75.72","71.83","74.32","1.03","0.26","0.8","563635","546580","381250","1494000","3320.25","3300","2020-07-30","Wed Jul 22 11:25:34 IST 2020"
"0.47","1.26","75.72","71.83","74.32","1.04","0.26","0.8","567947","545634","390250","1490000","3320.25","3300","2020-07-30","Wed Jul 22 11:25:56 IST 2020"
"0.47","1.26","75.72","71.83","74.32","1.04","0.26","0.8","567947","545634","390250","1490000","3320.25","3300","2020-07-30","Wed Jul 22 11:26:19 IST 2020"
"0.48","1.25","75.72","71.83","74.32","1.05","0.26","0.8","575929","548726","395000","1494750","3317.0","3300","2020-07-30","Wed Jul 22 11:26:42 IST 2020"
"0.48","1.37","75.72","71.83","74.32","1.06","0.27","0.8","574965","543608","400000","1489500","3317.0","3300","2020-07-30","Wed Jul 22 11:27:04 IST 2020"
"0.48","1.37","75.72","71.83","74.32","1.05","0.27","0.8","574267","548070","400000","1489500","3317.0","3300","2020-07-30","Wed Jul 22 11:27:27 IST 2020"
"0.47","1.32","75.72","71.83","74.32","1.04","0.26","0.8","573303","552888","392250","1498500","3317.0","3300","2020-07-30","Wed Jul 22 11:27:49 IST 2020"
"0.47","1.32","75.72","71.89","74.32","1.04","0.26","0.8","573303","552888","392250","1498500","3317.0","3300","2020-07-30","Wed Jul 22 11:28:15 IST 2020"
"0.47","1.35","75.72","71.89","74.32","1.04","0.26","0.8","575549","555897","395250","1497250","3318.4","3300","2020-07-30","Wed Jul 22 11:28:36 IST 2020"
"0.47","1.35","75.72","71.89","74.32","1.03","0.26","0.8","576384","557736","396000","1495750","3318.4","3300","2020-07-30","Wed Jul 22 11:28:59 IST 2020"
"0.47","1.35","75.72","71.89","74.32","1.03","0.26","0.8","576384","557736","396000","1495750","3318.4","3300","2020-07-30","Wed Jul 22 11:29:24 IST 2020"
"0.48","1.52","75.72","71.89","74.32","1.05","0.27","0.8","580107","554469","407250","1483000","3318.4","3300","2020-07-30","Wed Jul 22 11:29:46 IST 2020"
"0.48","1.48","75.72","71.89","74.32","1.05","0.27","0.8","579005","551637","399750","1485250","3318.4","3300","2020-07-30","Wed Jul 22 11:30:12 IST 2020"
"0.48","1.47","75.72","71.89","74.32","1.06","0.27","0.8","579827","549049","402500","1488500","3322.95","3300","2020-07-30","Wed Jul 22 11:30:34 IST 2020"
"0.48","1.47","75.72","71.89","74.32","1.05","0.27","0.8","579677","554059","402500","1488500","3322.95","3300","2020-07-30","Wed Jul 22 11:30:55 IST 2020"
"0.48","1.4","74.9","71.38","74.32","1.05","0.27","0.8","579677","554059","400000","1496750","3322.95","3300","2020-07-30","Wed Jul 22 11:31:18 IST 2020"
"0.48","1.4","74.9","71.38","74.32","1.05","0.27","0.8","581746","555149","400000","1496750","3322.95","3300","2020-07-30","Wed Jul 22 11:31:41 IST 2020"
"0.48","1.4","74.9","71.38","74.32","1.04","0.27","0.8","580266","558686","400000","1496750","3322.95","3300","2020-07-30","Wed Jul 22 11:32:27 IST 2020"
"0.47","1.28","74.9","71.38","74.32","1.03","0.26","0.8","578177","560842","394000","1504000","3321.1","3300","2020-07-30","Wed Jul 22 11:32:49 IST 2020"
"0.48","1.43","74.9","71.38","74.32","1.05","0.27","0.8","581428","555794","401500","1495000","3321.1","3300","2020-07-30","Wed Jul 22 11:33:12 IST 2020"
"0.48","1.4","74.9","71.38","74.32","1.05","0.27","0.8","584080","557535","401500","1501500","3321.1","3300","2020-07-30","Wed Jul 22 11:33:38 IST 2020"
"0.48","1.35","74.9","71.38","74.32","1.06","0.27","0.8","588690","554846","402500","1501750","3321.1","3300","2020-07-30","Wed Jul 22 11:34:01 IST 2020"
"0.48","1.32","75.72","72.11","74.32","1.06","0.27","0.8","588690","554846","397750","1500750","3322.95","3300","2020-07-30","Wed Jul 22 11:34:25 IST 2020"
"0.48","1.3","75.72","72.11","74.32","1.06","0.27","0.8","592434","559503","400250","1503750","3320.55","3300","2020-07-30","Wed Jul 22 11:34:47 IST 2020"
"0.48","1.27","75.72","72.11","74.32","1.06","0.27","0.8","592434","559503","399500","1504750","3320.55","3300","2020-07-30","Wed Jul 22 11:35:10 IST 2020"
"0.48","1.32","75.72","72.11","74.32","1.06","0.27","0.8","589217","558306","403750","1501250","3320.55","3300","2020-07-30","Wed Jul 22 11:35:34 IST 2020"
"0.48","1.35","75.72","72","74.32","1.05","0.27","0.8","587261","558373","404000","1499250","3320.55","3300","2020-07-30","Wed Jul 22 11:35:56 IST 2020"
"0.48","1.35","75.72","72","74.32","1.05","0.27","0.8","587261","558373","404000","1499250","3320.55","3300","2020-07-30","Wed Jul 22 11:36:18 IST 2020"
"0.48","1.3","75.72","72","74.32","1.05","0.27","0.8","587579","559140","400000","1503000","3320.05","3300","2020-07-30","Wed Jul 22 11:36:40 IST 2020"
"0.47","1.24","75.72","72","74.32","1.02","0.27","0.8","572888","559356","398000","1500750","3320.05","3300","2020-07-30","Wed Jul 22 11:37:04 IST 2020"
"0.47","1.24","74.07","70.9","74.32","1.03","0.27","0.8","575979","559641","398000","1500750","3320.05","3300","2020-07-30","Wed Jul 22 11:37:26 IST 2020"
"0.98","-1.42","71.6","67.87","66.13","0.98","0.98","0.77","382562","389280","330750","337000","3258.0","3250","2020-07-30","Fri Jul 24 10:28:28 IST 2020"
"1.05","-0.92","71.6","67.87","66.13","0.99","1.12","0.77","384639","388782","350250","312250","3268.4","3250","2020-07-30","Fri Jul 24 10:28:55 IST 2020"
"1.02","-1.01","71.6","68.1","66.13","0.98","1.08","0.76","384715","393838","345250","319250","3268.4","3250","2020-07-30","Fri Jul 24 10:29:22 IST 2020"
"1.02","-1.03","71.6","68.1","66.13","0.98","1.07","0.76","386944","394944","346750","324750","3268.4","3250","2020-07-30","Fri Jul 24 10:29:51 IST 2020"
"1.04","-0.92","71.6","68.1","66.13","0.99","1.11","0.76","386934","391267","354500","320500","3266.6","3250","2020-07-30","Fri Jul 24 10:30:40 IST 2020"
"1.02","-1.07","71.6","68.1","66.13","0.98","1.07","0.76","387203","393515","349500","326500","3266.6","3250","2020-07-30","Fri Jul 24 10:31:08 IST 2020"
"1.03","-1.05","71.6","68.1","66.13","0.98","1.08","0.76","388930","395625","354250","326750","3266.6","3250","2020-07-30","Fri Jul 24 10:31:37 IST 2020"
"1.02","-1.03","71.6","68.19","66.13","0.98","1.08","0.76","392595","400922","356000","330500","3266.6","3250","2020-07-30","Fri Jul 24 10:32:04 IST 2020"
"1.03","-0.98","71.6","68.19","66.13","0.99","1.09","0.76","397142","402501","358750","330000","3265.0","3250","2020-07-30","Fri Jul 24 10:32:30 IST 2020"
"1.03","-0.98","71.6","68.19","66.13","0.98","1.09","0.76","395560","403517","358750","330000","3265.0","3250","2020-07-30","Fri Jul 24 10:32:57 IST 2020"
"1.0","-1.13","71.6","68.19","66.13","0.97","1.04","0.76","394744","404990","350500","338000","3265.0","3250","2020-07-30","Fri Jul 24 10:33:26 IST 2020"
"1.01","-1.12","71.6","68.19","66.13","0.99","1.04","0.76","399889","405310","351500","339000","3265.0","3250","2020-07-30","Fri Jul 24 10:33:53 IST 2020"
"1.02","-1.13","71.6","68.19","66.13","0.99","1.07","0.76","399889","405310","356500","334250","3265.0","3250","2020-07-30","Fri Jul 24 10:34:20 IST 2020"
"1.0","-1.16","71.6","68.19","66.13","0.97","1.03","0.76","393624","407050","351000","340250","3264.45","3250","2020-07-30","Fri Jul 24 10:34:50 IST 2020"
"0.96","-1.28","71.19","67.2","66.13","0.93","0.99","0.76","381534","408702","342500","345000","3264.55","3250","2020-07-30","Fri Jul 24 10:38:07 IST 2020"
"0.96","-1.26","71.19","67.2","66.13","0.93","1.0","0.76","380811","408047","345250","344500","3259.0","3250","2020-07-30","Fri Jul 24 10:38:38 IST 2020"
"0.96","-1.28","71.19","67.2","66.13","0.93","1.0","0.76","380029","410168","344250","345750","3259.0","3250","2020-07-30","Fri Jul 24 10:39:06 IST 2020"
"0.96","-1.28","71.19","67.2","66.13","0.92","1.0","0.76","379695","410877","344250","345750","3259.0","3250","2020-07-30","Fri Jul 24 10:39:33 IST 2020"
"0.95","-1.31","71.19","67.2","66.13","0.92","0.99","0.76","379886","410894","342000","346000","3259.0","3250","2020-07-30","Fri Jul 24 10:40:01 IST 2020"
"0.95","-1.31","71.19","67.2","66.13","0.93","0.99","0.76","382175","412527","342000","346000","3259.0","3250","2020-07-30","Fri Jul 24 10:40:28 IST 2020"
"0.92","-1.4","71.6","67.82","66.13","0.9","0.95","0.77","377436","417215","335500","354000","3259.0","3250","2020-07-30","Fri Jul 24 10:41:18 IST 2020"
"0.9","-1.46","71.6","67.82","66.13","0.87","0.93","0.77","362448","415913","328500","351750","3259.0","3250","2020-07-30","Fri Jul 24 10:41:44 IST 2020"
"0.88","-1.49","71.6","67.82","66.13","0.85","0.91","0.77","357493","418974","322000","355000","3255.5","3250","2020-07-30","Fri Jul 24 10:42:34 IST 2020"
"0.91","-1.47","71.6","67.86","66.13","0.87","0.95","0.77","362714","418213","331750","348250","3255.5","3250","2020-07-30","Fri Jul 24 10:44:17 IST 2020"
"0.9","-1.47","71.6","67.86","66.13","0.87","0.95","0.77","365328","421556","331750","349500","3256.2","3250","2020-07-30","Fri Jul 24 10:44:44 IST 2020"
"0.76","-1.82","71.6","67.86","66.13","0.7","0.84","0.77","299844","427963","297000","355000","3256.2","3250","2020-07-30","Fri Jul 24 10:45:13 IST 2020"
"0.8","-1.77","71.6","67.86","66.13","0.73","0.9","0.77","308130","424678","299000","331000","3256.2","3250","2020-07-30","Fri Jul 24 10:45:41 IST 2020"
"0.82","-1.76","71.6","67.86","66.13","0.75","0.91","0.77","313236","420341","303250","333500","3256.2","3250","2020-07-30","Fri Jul 24 10:46:14 IST 2020"
"0.67","-2.07","71.6","67.86","66.13","0.6","0.76","0.77","249139","414065","260750","343500","3245.5","3250","2020-07-30","Fri Jul 24 10:46:40 IST 2020"
"0.71","-2.04","71.19","67.18","66.13","0.63","0.82","0.77","258678","413711","273500","331750","3245.5","3200","2020-07-30","Fri Jul 24 10:47:10 IST 2020"
"0.74","-1.89","71.19","67.18","66.13","0.64","0.86","0.77","262894","410386","284250","332000","3245.5","3200","2020-07-30","Fri Jul 24 10:47:39 IST 2020"
"0.73","-1.98","71.19","67.18","66.13","0.64","0.84","0.77","266713","416341","287000","340000","3245.5","3200","2020-07-30","Fri Jul 24 10:48:06 IST 2020"
"0.78","-1.89","71.19","67.18","66.13","0.68","0.9","0.77","280223","412589","299500","333000","3239.1","3200","2020-07-30","Fri Jul 24 10:48:34 IST 2020"
"0.8","-1.79","71.19","67.18","66.13","0.7","0.92","0.77","286292","410167","304000","329000","3239.1","3200","2020-07-30","Fri Jul 24 10:49:04 IST 2020"
"0.81","-1.79","71.19","67.18","66.13","0.71","0.92","0.77","293448","412730","304000","329000","3239.1","3200","2020-07-30","Fri Jul 24 10:49:33 IST 2020"
"0.82","-1.71","71.19","67.18","66.13","0.72","0.94","0.77","299519","416739","311750","331500","3239.1","3200","2020-07-30","Fri Jul 24 10:50:06 IST 2020"
"0.8","-1.77","71.6","68.22","66.13","0.7","0.93","0.76","298980","424549","310000","334250","3249.65","3250","2020-07-30","Fri Jul 24 10:50:37 IST 2020"
"0.81","-1.77","71.6","68.22","66.13","0.72","0.93","0.76","305881","427635","310000","334250","3249.65","3250","2020-07-30","Fri Jul 24 10:51:13 IST 2020"
"0.76","-2.02","71.6","68.22","66.13","0.7","0.83","0.76","302056","433647","292750","353500","3249.65","3250","2020-07-30","Fri Jul 24 10:51:56 IST 2020"
"0.76","-2.02","71.6","68.22","66.13","0.68","0.85","0.76","296335","433172","295250","345750","3240.05","3250","2020-07-30","Fri Jul 24 10:52:34 IST 2020"
"0.75","-2.1","71.6","68.3","66.13","0.68","0.83","0.76","298451","437370","294250","352750","3240.05","3200","2020-07-30","Fri Jul 24 10:53:09 IST 2020"
"0.79","-2.02","71.6","68.3","66.13","0.72","0.86","0.76","316849","438635","301500","349000","3240.05","3200","2020-07-30","Fri Jul 24 10:53:38 IST 2020"
"0.79","-1.98","71.6","68.3","66.13","0.72","0.86","0.76","316849","438635","305750","354250","3240.05","3200","2020-07-30","Fri Jul 24 10:54:06 IST 2020"
"0.79","-1.98","71.6","67.77","66.13","0.72","0.86","0.76","316849","438635","305750","354250","3243.25","3200","2020-07-30","Fri Jul 24 10:54:34 IST 2020"
"0.78","-2.02","71.6","67.77","66.13","0.71","0.86","0.76","316694","443422","305750","356000","3243.25","3200","2020-07-30","Fri Jul 24 10:55:00 IST 2020"
"0.78","-2.13","71.6","67.77","66.13","0.73","0.84","0.76","322739","443660","300500","357250","3243.25","3200","2020-07-30","Fri Jul 24 10:55:28 IST 2020"
"0.79","-2.15","71.6","67.77","66.13","0.75","0.84","0.76","332298","443773","301250","357250","3243.25","3200","2020-07-30","Fri Jul 24 10:55:57 IST 2020"
"0.79","-2.15","71.6","68.27","66.13","0.75","0.84","0.76","332298","443773","301250","357250","3243.25","3200","2020-07-30","Fri Jul 24 10:56:22 IST 2020"
"0.77","-2.24","71.6","68.27","66.13","0.74","0.82","0.76","325225","442425","296500","361500","3237.45","3200","2020-07-30","Fri Jul 24 10:56:46 IST 2020"
"0.79","-2.12","71.6","68.27","66.13","0.74","0.86","0.76","325225","442425","305000","353750","3237.45","3200","2020-07-30","Fri Jul 24 10:57:11 IST 2020"
"0.79","-2.13","71.6","68.2","66.13","0.74","0.85","0.76","327462","444688","304250","358000","3237.45","3200","2020-07-30","Fri Jul 24 10:57:37 IST 2020"
"0.79","-2.13","71.6","68.2","66.13","0.75","0.85","0.76","334234","447484","304250","358000","3237.45","3200","2020-07-30","Fri Jul 24 10:58:02 IST 2020"
"0.8","-2.16","71.6","68.2","66.13","0.75","0.85","0.76","338044","447985","308250","360750","3237.45","3200","2020-07-30","Fri Jul 24 10:58:26 IST 2020"
"0.81","-2.13","71.6","68.2","66.13","0.76","0.88","0.76","338999","448487","314500","357500","3237.0","3200","2020-07-30","Fri Jul 24 10:58:51 IST 2020"
"0.83","-2.07","71.6","68.2","66.13","0.78","0.89","0.76","343126","442248","315500","354500","3237.0","3200","2020-07-30","Fri Jul 24 10:59:36 IST 2020"
"0.83","-2.07","71.6","67.77","66.13","0.78","0.89","0.75","344167","443670","315500","354500","3237.0","3200","2020-07-30","Fri Jul 24 11:00:24 IST 2020"
"0.82","-2.13","71.6","67.98","66.13","0.78","0.88","0.75","347459","446489","314000","356750","3238.0","3200","2020-07-30","Fri Jul 24 11:00:51 IST 2020"
"0.82","-2.11","71.6","67.98","66.13","0.78","0.88","0.75","347459","446489","313750","355500","3238.0","3200","2020-07-30","Fri Jul 24 11:01:15 IST 2020"
"0.81","-2.16","71.6","67.98","66.13","0.77","0.87","0.75","341842","445335","312250","357750","3238.0","3200","2020-07-30","Fri Jul 24 11:01:40 IST 2020"
"0.79","-2.28","71.6","68.19","66.13","0.75","0.83","0.75","337550","448566","304750","365750","3238.0","3200","2020-07-30","Fri Jul 24 11:02:06 IST 2020"
"0.81","-2.21","71.6","68.19","66.13","0.76","0.87","0.75","338428","445823","312500","360250","3233.5","3200","2020-07-30","Fri Jul 24 11:02:32 IST 2020"
"0.81","-2.21","71.6","68.19","66.13","0.76","0.87","0.75","341741","448474","312500","360250","3233.5","3200","2020-07-30","Fri Jul 24 11:02:57 IST 2020"
"0.8","-2.19","71.6","68.19","66.13","0.76","0.86","0.75","341741","448474","308500","360750","3233.5","3200","2020-07-30","Fri Jul 24 11:03:23 IST 2020"
"0.82","-2.1","71.6","67.56","66.13","0.78","0.87","0.75","346887","445506","314500","363500","3233.5","3200","2020-07-30","Fri Jul 24 11:03:56 IST 2020"
"0.83","-2.04","71.6","67.56","66.13","0.8","0.88","0.75","348223","436104","313250","357750","3237.05","3200","2020-07-30","Fri Jul 24 11:04:46 IST 2020"
"0.8","-2.23","71.6","67.51","66.13","0.78","0.83","0.75","343275","439072","306500","368750","3237.05","3200","2020-07-30","Fri Jul 24 11:05:13 IST 2020"
"0.72","-2.46","71.6","67.51","66.13","0.72","0.72","0.75","315736","438267","283500","393250","3237.05","3200","2020-07-30","Fri Jul 24 11:05:39 IST 2020"
"0.76","-2.34","71.6","67.51","66.13","0.73","0.8","0.75","319056","437826","292250","364750","3237.05","3200","2020-07-30","Fri Jul 24 11:06:05 IST 2020"
"0.76","-2.34","71.6","67.51","66.13","0.73","0.8","0.75","323627","440700","292250","364750","3237.05","3200","2020-07-30","Fri Jul 24 11:06:31 IST 2020"
"0.78","-2.3","71.6","67.93","66.13","0.75","0.82","0.75","329715","441894","299000","366500","3231.55","3200","2020-07-30","Fri Jul 24 11:06:58 IST 2020"
"0.79","-2.14","71.6","67.93","66.13","0.75","0.84","0.75","329715","441894","308000","364750","3231.55","3200","2020-07-30","Fri Jul 24 11:07:28 IST 2020"
"0.79","-2.21","71.6","67.93","66.13","0.75","0.84","0.75","333480","442605","307250","364500","3231.55","3200","2020-07-30","Fri Jul 24 11:08:06 IST 2020"
"0.82","-2.07","71.6","67.93","66.13","0.78","0.88","0.75","341023","439599","316750","359000","3231.55","3200","2020-07-30","Fri Jul 24 11:08:33 IST 2020"
"0.83","-2.07","71.6","67.93","66.13","0.79","0.88","0.75","345624","440027","316750","359000","3231.55","3200","2020-07-30","Fri Jul 24 11:09:06 IST 2020"
"0.83","-1.98","71.6","68.29","66.13","0.79","0.88","0.75","348798","442402","320500","362500","3241.55","3250","2020-07-30","Fri Jul 24 11:11:16 IST 2020"
"0.81","-2.02","71.6","68.29","66.13","0.76","0.86","0.75","342279","447739","320000","371500","3241.55","3250","2020-07-30","Fri Jul 24 11:11:45 IST 2020"
"0.8","-2.1","71.6","68.29","66.13","0.75","0.85","0.75","340095","451701","319000","373750","3241.55","3250","2020-07-30","Fri Jul 24 11:12:11 IST 2020"
"0.8","-2.1","71.6","68.29","66.13","0.76","0.85","0.75","342075","453049","319000","373750","3239.6","3250","2020-07-30","Fri Jul 24 11:12:38 IST 2020"
"0.81","-2.01","71.6","68.18","66.13","0.78","0.85","0.75","351566","451980","319500","373750","3239.6","3200","2020-07-30","Fri Jul 24 11:13:06 IST 2020"
"0.81","-2.01","71.6","68.18","66.13","0.78","0.85","0.75","352947","452161","319500","373750","3239.6","3200","2020-07-30","Fri Jul 24 11:13:37 IST 2020"
"0.83","-1.98","71.6","68.18","66.13","0.78","0.89","0.75","355107","454412","325250","366500","3239.6","3200","2020-07-30","Fri Jul 24 11:14:07 IST 2020"
"0.83","-2.02","71.19","67.34","66.13","0.78","0.88","0.75","358786","457210","321500","365500","3240.65","3200","2020-07-30","Fri Jul 24 11:16:06 IST 2020"
"0.83","-2.01","71.19","67.34","66.13","0.78","0.89","0.75","356873","457184","327250","369000","3241.0","3200","2020-07-30","Fri Jul 24 11:16:41 IST 2020"
"0.82","-2.09","71.6","67.92","66.13","0.78","0.87","0.75","358343","458927","323500","373750","3241.0","3250","2020-07-30","Fri Jul 24 11:17:18 IST 2020"
"0.81","-2.09","71.6","67.92","66.13","0.77","0.87","0.75","356653","460941","323500","373750","3241.0","3250","2020-07-30","Fri Jul 24 11:17:50 IST 2020"
"0.8","-2.16","71.6","67.92","66.13","0.77","0.83","0.75","356653","460941","317250","383000","3235.6","3250","2020-07-30","Fri Jul 24 11:18:20 IST 2020"
"0.82","-2.01","71.6","67.92","66.13","0.79","0.87","0.75","361679","459655","323000","373000","3235.6","3250","2020-07-30","Fri Jul 24 11:18:51 IST 2020"
"0.82","-1.97","71.6","68.21","66.13","0.79","0.87","0.75","362756","461700","324750","373500","3235.6","3200","2020-07-30","Fri Jul 24 11:19:23 IST 2020"
"0.83","-2.06","71.6","68.21","66.13","0.79","0.87","0.75","364533","462400","325250","373000","3235.6","3200","2020-07-30","Fri Jul 24 11:19:54 IST 2020"
"0.83","-2.06","71.6","68.21","66.13","0.79","0.87","0.75","364533","462400","325250","373000","3239.85","3200","2020-07-30","Fri Jul 24 11:20:22 IST 2020"
"0.83","-2.03","71.6","68.21","66.13","0.8","0.87","0.75","369084","463439","325750","374500","3239.85","3200","2020-07-30","Fri Jul 24 11:20:52 IST 2020"
"0.83","-2.03","71.6","68.21","66.13","0.81","0.87","0.75","369622","459067","325750","374500","3239.85","3200","2020-07-30","Fri Jul 24 11:21:22 IST 2020"
"0.84","-2","72.43","69.56","66.13","0.8","0.89","0.75","369457","461474","327000","368750","3239.85","3250","2020-07-30","Fri Jul 24 11:21:55 IST 2020"
"0.84","-2","72.43","69.56","66.13","0.8","0.89","0.75","370805","460756","327000","368750","3239.85","3250","2020-07-30","Fri Jul 24 11:22:36 IST 2020"
"0.88","-1.64","71.6","67.87","66.13","0.83","0.95","0.75","375512","450547","338000","357250","3253.5","3250","2020-07-30","Fri Jul 24 11:43:07 IST 2020"
"0.88","-1.68","71.6","67.87","66.13","0.83","0.93","0.75","377156","453787","335750","360500","3253.5","3250","2020-07-30","Fri Jul 24 11:43:41 IST 2020"
"0.88","-1.67","71.6","67.87","66.13","0.83","0.93","0.75","377599","452706","337000","360750","3253.5","3250","2020-07-30","Fri Jul 24 11:44:11 IST 2020"
"0.87","-1.7","71.6","67.87","66.13","0.83","0.93","0.75","377220","454854","337500","362500","3250.45","3250","2020-07-30","Fri Jul 24 11:44:39 IST 2020"
"0.85","-1.83","71.6","67.92","66.13","0.81","0.88","0.75","368265","452139","326750","369250","3250.45","3250","2020-07-30","Fri Jul 24 11:45:09 IST 2020"
"0.85","-1.86","71.6","67.92","66.13","0.81","0.89","0.75","367516","452681","329500","370750","3250.45","3250","2020-07-30","Fri Jul 24 11:45:41 IST 2020"
"0.83","-1.95","71.6","68.02","66.13","0.8","0.87","0.75","365997","455876","326500","374500","3250.45","3250","2020-07-30","Fri Jul 24 11:46:14 IST 2020"
"0.81","-2.05","71.6","68.02","66.13","0.79","0.84","0.75","360573","457816","320000","378750","3242.6","3250","2020-07-30","Fri Jul 24 11:46:52 IST 2020"
"0.38","-2.13","71.6","68.05","66.13","0.76","0.24","0.74","379313","499892","347750","1429750","3238.1","3250","2020-07-30","Fri Jul 24 13:27:52 IST 2020"
"0.38","-2.13","71.6","68.05","66.13","0.77","0.24","0.74","383190","499740","347750","1429750","3238.1","3250","2020-07-30","Fri Jul 24 13:28:19 IST 2020"
"0.38","-2.13","71.19","67.27","66.13","0.75","0.25","0.74","377545","503710","352750","1431750","3238.0","3200","2020-07-30","Fri Jul 24 13:30:30 IST 2020"
"0.37","-2.19","71.19","67.27","66.13","0.75","0.24","0.74","377545","503710","348750","1434500","3235.0","3200","2020-07-30","Fri Jul 24 13:30:58 IST 2020"
"0.39","-1.99","71.19","67.27","66.13","0.78","0.26","0.74","386565","496872","365250","1424250","3235.0","3200","2020-07-30","Fri Jul 24 13:31:53 IST 2020"
"0.39","-2.04","71.19","67.21","66.13","0.78","0.25","0.74","386565","496872","362000","1423750","3235.0","3200","2020-07-30","Fri Jul 24 13:32:19 IST 2020"
"0.39","-2.02","71.19","67.21","66.13","0.78","0.26","0.74","388361","496214","368500","1422000","3238.9","3200","2020-07-30","Fri Jul 24 13:32:46 IST 2020"
"0.4","-1.97","71.19","67.21","66.13","0.78","0.26","0.74","388883","497405","371500","1420500","3238.9","3200","2020-07-30","Fri Jul 24 13:33:12 IST 2020"
"0.4","-1.97","71.19","67.21","66.13","0.79","0.26","0.74","390101","495113","371500","1420500","3238.9","3200","2020-07-30","Fri Jul 24 13:33:37 IST 2020"
"0.4","-1.89","71.19","67.21","66.13","0.8","0.27","0.74","390217","490702","376750","1418000","3238.9","3200","2020-07-30","Fri Jul 24 13:34:10 IST 2020"
"0.4","-1.95","71.19","67.21","66.13","0.79","0.26","0.74","389537","493256","371000","1421500","3242.0","3200","2020-07-30","Fri Jul 24 13:34:38 IST 2020"
"0.39","-2.02","71.6","68.45","66.13","0.79","0.26","0.74","390674","493138","364250","1426250","3242.0","3250","2020-07-30","Fri Jul 24 13:35:06 IST 2020"
"0.39","-2","71.6","68.45","66.13","0.79","0.26","0.74","391457","494780","364250","1425250","3242.0","3250","2020-07-30","Fri Jul 24 13:35:35 IST 2020"
"0.39","-2","71.6","68.45","66.13","0.79","0.26","0.74","390704","495684","364250","1425250","3242.0","3250","2020-07-30","Fri Jul 24 13:36:03 IST 2020"
"0.39","-2.11","71.6","68.45","66.13","0.78","0.25","0.74","390256","498668","357250","1430750","3237.9","3250","2020-07-30","Fri Jul 24 13:36:33 IST 2020"
"0.39","-2.11","71.19","67.27","66.13","0.78","0.25","0.74","390256","498668","357250","1430750","3237.9","3200","2020-07-30","Fri Jul 24 13:37:00 IST 2020"
"0.38","-2.17","71.19","67.27","66.13","0.76","0.24","0.74","381125","498998","348750","1433500","3237.9","3200","2020-07-30","Fri Jul 24 13:37:25 IST 2020"
"0.38","-2.14","71.6","68.01","66.13","0.77","0.25","0.74","384085","501501","355000","1426000","3237.9","3200","2020-07-30","Fri Jul 24 13:37:51 IST 2020"
"0.38","-2.14","71.6","68.01","66.13","0.77","0.25","0.74","384085","501501","354500","1428250","3237.2","3200","2020-07-30","Fri Jul 24 13:38:16 IST 2020"
"0.38","-2.16","71.6","68.01","66.13","0.74","0.25","0.74","384600","520974","353250","1428500","3237.2","3200","2020-07-30","Fri Jul 24 13:38:44 IST 2020"
"0.37","-2.13","71.6","68.01","66.13","0.71","0.25","0.74","385568","546055","354250","1430250","3237.2","3200","2020-07-30","Fri Jul 24 13:39:15 IST 2020"
"0.26","-2.48","71.6","67.46","66.13","0.32","0.21","0.74","334596","1029570","309000","1485500","3228.25","3200","2020-07-30","Fri Jul 24 13:42:55 IST 2020"
"0.25","-2.49","71.6","67.46","66.13","0.32","0.2","0.74","334596","1029570","309250","1574000","3228.25","3200","2020-07-30","Fri Jul 24 13:43:21 IST 2020"
"0.25","-2.49","71.6","67.46","66.13","0.32","0.2","0.74","346744","1072842","309250","1574000","3228.25","3200","2020-07-30","Fri Jul 24 13:43:50 IST 2020"
"0.25","-2.47","71.6","68.36","66.13","0.32","0.2","0.74","346744","1072842","317250","1624000","3228.25","3200","2020-07-30","Fri Jul 24 13:44:17 IST 2020"
"0.23","-2.44","71.6","68.36","66.13","0.3","0.19","0.74","349667","1166637","318750","1712500","3225.0","3200","2020-07-30","Fri Jul 24 13:44:46 IST 2020"
"0.23","-2.38","71.6","68.36","66.13","0.3","0.18","0.74","351941","1161932","320250","1773250","3225.0","3200","2020-07-30","Fri Jul 24 13:45:14 IST 2020"
"0.23","-2.35","71.19","67.36","66.13","0.3","0.18","0.74","352422","1163080","319250","1816500","3225.0","3200","2020-07-30","Fri Jul 24 13:45:42 IST 2020"
"0.23","-2.35","71.19","67.36","66.13","0.31","0.18","0.74","356052","1157952","319250","1816500","3225.0","3200","2020-07-30","Fri Jul 24 13:46:08 IST 2020"
"0.23","-2.21","71.19","67.36","66.13","0.3","0.18","0.74","351836","1166395","323750","1831000","3237.0","3200","2020-07-30","Fri Jul 24 13:46:33 IST 2020"
"0.22","-2.3","71.19","67.36","66.13","0.3","0.17","0.74","348355","1166356","321000","1836000","3237.0","3200","2020-07-30","Fri Jul 24 13:47:06 IST 2020"
